age,tenure,salary,balance,num_products,has_credit_card,is_active_member,gender,geography,churn
22,64,39509.42,14915.59,2,1,0,0,1,0
59,4,78161.26,52203.96,1,0,1,1,0,0
52,29,35946.07,104497.2,3,1,1,0,1,1
41,33,54272.68,56131.64,3,0,0,0,2,0
40,58,48278.97,50133.75,3,1,1,1,2,0
63,9,63286.41,114285.77,1,0,0,1,2,0
22,31,47190.2,115207.63,3,1,0,0,1,0
54,11,54582.13,90509.71,4,1,1,0,2,0
28,57,55277.4,61346.48,2,1,0,0,2,0
22,46,45312.24,67815.87,4,0,1,1,2,0
45,36,69701.88,50875.5,3,1,0,1,2,0
69,28,64767.77,45156.81,2,0,1,1,1,0
56,11,58227.72,43667.51,4,0,0,1,0,0
58,67,51390.83,56458.37,4,0,0,1,0,1
56,47,75930.88,43958.37,1,1,1,0,2,0
59,23,55283.32,28088.85,4,1,0,0,0,0
45,30,53866.05,81582.08,1,1,1,1,0,0
24,53,62093.8,82037.87,1,1,1,0,2,0
62,52,93931.73,126023.78,1,0,0,0,1,0
41,33,33192.88,54949.85,2,0,1,1,2,0
44,22,75397.14,83883.02,4,0,0,1,0,0
37,48,22136.58,84381.38,3,0,1,0,1,0
27,48,64345.46,67384.87,3,1,1,1,1,0
67,43,91501.66,97330.01,1,1,0,1,1,0
59,5,69773.37,98256.88,3,1,1,0,1,1
52,34,63412.5,84822.33,2,1,0,0,0,0
39,44,48791.01,67330.81,2,1,1,1,2,0
61,69,60620.94,64274.1,2,1,1,0,0,0
46,38,54958.74,33967.38,1,0,0,1,1,0
41,25,44280.47,50822.47,4,1,1,0,2,1
41,40,54202.49,56339.77,3,1,1,0,1,0
30,12,63967.62,41280.85,2,1,0,0,0,0
22,6,44655.66,88197.72,1,1,1,0,0,0
47,49,43874.36,110898.84,4,1,1,1,1,0
65,71,32795.13,47758.13,2,1,0,0,1,0
21,61,67814.5,83503.24,2,0,1,0,2,0
63,42,70906.47,43976.67,3,0,1,0,0,0
61,2,64633.21,65852.33,1,1,0,1,1,0
32,72,79303.41,54290.11,3,1,0,1,0,0
51,32,61757.35,93056.87,4,0,0,1,1,0
26,21,67840.22,54636.35,2,0,0,1,1,0
58,65,66076.75,105349.81,1,1,1,1,0,0
55,54,58169.2,67628.38,1,1,0,1,0,0
36,54,49383.56,55511.89,1,0,0,1,0,0
21,20,104283.05,37400.84,3,1,1,0,1,1
69,72,50960.98,82596.14,2,0,1,1,0,0
41,33,46682.45,101856.55,1,0,1,1,0,0
65,38,68680.2,83199.64,3,1,1,1,0,0
53,54,65037.09,142164.95,1,1,1,1,0,0
59,48,31904.17,117893.62,2,1,0,0,0,1
58,12,82453.57,65774.17,4,0,1,0,1,0
28,22,58116.11,65459.18,1,0,1,1,0,0
37,26,37781.38,89090.9,1,1,0,0,0,0
42,69,83775.68,49859.42,2,1,0,1,0,0
44,52,72513.51,109988.65,3,1,0,1,0,0
20,26,34709.16,85848.02,1,0,0,0,0,0
46,53,95543.66,82693.77,4,1,1,0,0,1
26,53,73175.95,95608.61,1,0,1,1,2,0
57,28,59796.08,126684.9,4,1,0,0,2,0
54,29,91804.38,80128.66,3,1,1,0,0,0
66,65,63185.96,71608.79,1,0,1,0,0,0
57,41,59438.34,120261.59,1,0,0,1,1,0
37,10,46794.0,104026.51,1,1,1,0,2,0
69,52,71637.01,65370.6,2,0,1,0,2,0
39,43,69532.06,75155.59,2,0,1,0,2,0
35,37,60293.6,80861.43,3,1,1,1,0,0
65,52,44200.27,85854.39,2,1,0,0,1,0
37,66,62598.6,34302.0,3,0,1,0,1,1
22,24,58604.02,28725.46,2,1,0,0,1,0
42,30,33330.51,48378.3,2,0,1,1,2,0
60,13,30563.75,46057.85,2,0,1,0,0,0
28,47,71303.07,55685.28,2,0,0,0,1,1
42,29,15000.0,94041.32,4,0,0,0,0,0
24,24,64108.21,69932.13,1,1,0,1,0,0
54,50,50438.34,80891.84,2,1,0,0,0,0
43,29,86164.93,38270.9,4,0,1,0,2,0
35,33,50130.64,61150.73,3,0,0,1,1,0
30,32,73189.68,92617.73,1,0,0,1,2,0
47,18,52061.72,92848.57,4,0,0,1,2,0
53,9,62274.96,53262.79,1,1,1,0,1,0
67,60,74736.73,79849.87,1,1,0,1,2,0
41,6,50748.89,140965.44,2,0,0,0,0,0
26,23,79931.1,74472.06,3,1,0,1,2,1
62,48,40126.04,54204.39,1,0,0,0,0,0
51,9,65891.86,69787.13,4,0,0,0,1,0
55,47,78452.79,77765.31,1,1,0,1,2,1
23,53,73200.75,70464.95,4,0,0,1,2,0
34,48,98328.9,74059.36,1,1,0,0,0,0
58,22,44731.21,31696.6,2,0,1,0,2,0
62,1,32417.01,46121.09,3,0,0,1,0,1
41,64,40113.3,70519.94,2,1,1,1,2,0
60,23,73208.85,70041.96,3,1,1,0,1,0
62,58,69958.46,58014.32,3,1,1,1,0,0
38,14,62045.13,69689.59,3,1,1,1,2,0
65,11,37540.86,76830.45,2,0,1,0,2,0
33,56,75337.35,101682.4,4,0,0,0,0,0
30,68,35505.9,72023.65,3,0,1,0,0,0
54,62,83178.99,86973.1,2,1,0,0,0,1
51,54,117148.77,58751.99,3,0,0,0,1,1
25,18,67329.02,92162.87,4,1,1,0,1,0
62,66,71662.16,86271.91,4,0,1,0,2,0
28,48,50142.8,100974.51,3,1,0,0,2,0
60,12,23795.73,96403.81,4,0,1,0,0,1
18,9,47945.61,92662.07,4,1,1,0,1,0
60,63,38142.1,72047.48,2,0,0,0,2,0
59,20,31059.91,82348.18,3,1,1,0,2,0
59,55,94447.2,106905.27,1,0,1,1,0,0
53,10,65457.25,55437.76,2,1,1,1,0,0
42,20,67593.75,56147.77,4,1,1,0,0,0
55,20,53819.55,80442.94,2,1,1,1,1,0
32,20,56542.58,87458.39,4,1,0,1,1,1
59,49,79291.01,50276.81,2,1,1,0,1,0
47,66,59353.26,72757.12,1,0,0,0,0,0
42,66,70613.88,72180.04,1,1,1,1,1,0
44,54,56079.91,8541.6,3,0,0,1,0,1
48,14,53156.94,68412.18,2,1,1,0,1,0
19,70,31861.72,70280.47,3,1,1,0,0,0
25,39,20445.02,70191.21,1,1,0,0,2,0
31,39,54768.76,117477.43,2,0,1,0,1,0
24,51,61129.93,38526.05,1,0,0,0,0,0
41,56,34277.4,50261.32,2,0,0,0,2,0
53,69,59310.5,0.0,4,0,0,0,2,0
52,42,61075.05,60572.5,1,1,1,0,0,0
42,44,16879.84,63130.69,3,1,0,0,0,1
63,54,41697.51,59700.68,1,0,1,1,0,0
47,18,68145.28,108230.32,3,0,1,1,1,0
22,22,67741.17,100818.53,4,0,0,0,1,1
58,45,36926.5,77335.7,2,1,0,1,1,0
48,4,63168.96,63881.61,1,0,0,1,1,0
51,23,80448.14,105785.69,3,1,0,1,1,0
47,52,75541.46,74407.26,2,0,1,0,0,0
47,71,58094.28,50451.9,4,1,0,0,0,1
22,37,50640.47,23512.54,4,0,0,0,2,0
47,29,47413.11,61760.57,3,0,1,0,2,1
60,32,69356.4,97639.31,3,0,1,1,2,0
34,50,63902.08,143296.16,3,1,1,1,2,0
49,39,72588.08,76848.31,3,1,1,0,1,0
19,1,62637.48,52039.33,2,0,1,0,2,0
36,39,76375.28,39451.04,4,0,1,1,2,0
41,29,61891.85,91558.65,2,1,0,0,2,0
70,51,75693.77,22061.52,1,0,0,1,0,0
29,63,77416.46,91510.35,3,0,0,0,0,0
32,70,43909.47,99531.35,3,0,1,0,1,0
39,44,23837.12,88088.38,4,1,1,0,1,0
70,26,90869.86,68410.15,2,0,1,0,2,0
63,32,65133.17,91948.22,2,1,1,1,0,0
19,12,25710.28,80128.15,3,0,0,0,2,0
30,68,45723.61,51656.28,2,1,1,0,2,0
61,61,75437.49,130512.37,4,0,0,0,2,0
21,62,54406.46,64449.62,2,1,1,0,0,0
63,23,49758.77,98272.57,4,1,0,0,0,0
32,23,88017.64,2441.57,2,0,0,1,0,0
66,62,39054.26,113294.13,1,0,1,1,2,0
33,39,44036.93,119062.91,4,0,1,1,2,0
41,51,64227.73,75895.01,3,0,1,0,1,0
53,35,67809.1,91763.13,3,0,1,0,0,0
24,32,69926.86,91755.46,3,1,0,0,1,1
47,46,78224.76,55716.49,2,1,1,0,2,0
44,59,63971.57,91413.67,4,1,1,1,1,0
59,24,69787.68,50741.09,2,1,1,1,0,0
70,59,54815.81,56737.29,4,1,0,0,1,1
53,17,61253.97,108808.29,2,0,0,0,1,0
39,29,62150.68,104239.73,1,0,1,0,1,0
39,66,64301.96,53808.73,1,0,0,0,2,0
40,69,75450.8,52992.71,4,1,1,1,0,0
61,67,71102.91,55632.1,3,0,1,0,1,1
35,23,60884.34,96979.19,2,0,1,1,2,0
26,61,43817.48,45000.46,4,1,1,0,0,0
35,68,61353.43,85701.38,3,0,0,1,0,0
19,71,59439.64,97405.4,3,0,0,1,0,1
23,1,63863.63,72352.64,3,0,1,0,1,0
22,54,104130.51,105301.91,1,0,0,1,0,0
58,72,49524.54,65870.69,1,0,0,0,2,0
56,55,68445.78,68584.33,3,0,1,1,0,0
54,17,81369.24,45682.61,1,1,1,0,2,0
42,55,61960.04,105515.32,3,0,0,1,1,1
56,7,106756.9,52004.39,1,1,1,1,2,0
26,35,52439.21,85493.15,2,0,0,1,1,0
65,45,66481.78,72860.52,3,0,0,0,1,1
44,33,44023.89,43416.51,3,0,1,1,0,0
67,51,52969.51,56726.91,4,1,0,0,1,1
26,17,64978.68,116486.17,3,1,1,1,0,0
44,44,76926.08,81049.73,1,0,0,1,0,0
54,47,66381.9,44725.49,4,1,1,0,2,0
44,46,85182.3,84159.85,1,0,1,0,2,0
41,21,58100.69,70616.58,1,0,1,0,0,0
26,22,53356.63,178621.39,4,1,0,1,1,0
38,18,114079.7,83553.72,1,1,0,1,0,0
30,33,67884.75,63581.25,3,0,1,1,0,0
33,42,45610.37,117600.84,2,0,1,0,1,0
54,26,46114.72,19768.91,4,0,1,1,2,0
51,29,41146.4,77829.6,1,1,1,0,0,0
50,20,78731.39,134832.85,1,0,0,0,1,0
37,15,52712.45,71514.02,2,1,1,0,2,0
68,47,62547.25,23000.97,2,1,1,0,1,0
22,59,58729.83,63122.46,4,0,1,1,0,0
36,21,74629.85,118635.54,3,0,1,0,1,0
24,62,43065.12,86282.09,1,1,0,0,2,0
35,41,38488.55,49834.32,4,0,0,0,2,0
68,12,64485.95,54442.72,2,1,0,0,1,0
37,26,72019.19,58208.99,4,1,1,1,0,0
66,0,66650.65,85835.94,4,1,0,0,2,0
44,2,43810.93,115145.88,1,0,0,0,2,0
55,24,73549.7,106572.69,3,0,0,0,1,0
42,33,45122.78,88680.37,2,0,0,1,2,0
32,58,49569.23,35050.66,2,0,1,1,2,0
58,9,41120.93,35162.02,2,1,1,1,0,0
69,61,86023.17,90997.56,3,0,0,0,1,1
31,17,72668.43,34635.87,2,1,1,0,1,0
59,10,72099.87,68232.99,1,1,1,0,1,1
31,51,84944.23,84124.51,2,1,1,0,1,0
55,56,116252.98,40872.18,1,1,0,0,2,0
59,44,25815.48,44272.13,4,1,1,1,0,0
41,8,45232.47,72176.37,3,0,0,1,1,0
57,8,47676.5,90109.51,2,1,1,1,0,0
32,28,42983.61,106845.56,2,1,0,1,1,1
22,32,38448.34,93211.6,1,0,1,1,1,0
23,72,54006.94,77209.7,2,0,0,0,0,0
41,20,35667.93,52614.16,4,1,1,0,2,1
65,14,66700.85,42872.79,1,0,1,0,0,0
24,69,61033.97,59673.69,1,0,0,0,0,0
42,11,69620.57,87298.07,4,1,1,1,1,0
55,1,70154.57,85098.71,3,1,1,0,2,0
28,30,72060.14,12002.94,1,1,0,1,0,0
56,29,52531.82,51429.69,2,1,0,1,1,0
34,45,102422.87,111135.23,3,1,1,0,1,0
60,64,64688.62,77376.45,2,1,1,1,2,0
48,68,22750.3,32489.73,2,1,1,0,0,0
46,21,39952.49,145674.64,3,1,1,0,0,1
27,71,25189.94,74131.75,3,1,1,0,1,0
42,46,60346.69,86530.02,4,1,0,0,0,0
63,5,57563.9,86985.74,1,1,0,0,2,0
19,68,50631.49,63972.14,2,1,0,1,0,0
58,10,100218.52,53172.79,1,0,0,1,1,0
44,42,70979.66,138650.25,3,1,1,1,0,0
56,57,74521.97,105096.18,3,1,1,1,2,0
53,18,41378.53,99658.12,2,1,0,1,1,1
40,19,40017.1,92288.68,3,1,1,1,0,0
34,34,60736.11,44900.48,2,1,0,0,0,0
51,64,63460.14,113325.91,1,0,0,1,0,0
25,16,22873.77,49706.02,3,0,1,1,0,0
48,48,56393.86,83498.6,2,0,1,0,2,0
23,33,60281.44,25818.3,2,0,1,0,1,0
52,8,55697.02,13774.23,2,0,0,1,2,0
51,51,43732.19,84548.74,4,0,1,1,0,0
22,60,49209.3,50727.02,1,0,1,0,2,0
58,42,56462.82,15324.97,2,0,0,0,1,0
40,12,61816.0,91218.29,3,1,0,0,1,0
59,11,72095.83,138602.42,1,1,0,0,2,1
20,30,81617.12,116686.81,1,0,1,1,2,0
27,36,54113.05,67280.46,3,1,0,0,2,0
44,40,50876.88,75265.36,3,1,0,0,2,1
27,17,68753.11,101631.19,3,1,0,1,1,0
35,36,72216.9,108663.84,1,0,0,1,2,1
53,21,51315.99,64693.93,4,1,1,1,2,0
25,50,75807.87,76025.33,2,0,1,1,2,0
53,58,79591.71,84018.44,1,0,0,0,1,0
23,47,85833.73,91616.29,2,0,0,1,0,0
27,0,95566.42,71007.71,1,1,0,1,1,0
49,72,42671.68,71397.44,2,0,1,1,0,0
60,1,60277.96,116394.97,2,1,0,0,0,1
27,72,60225.55,111285.62,2,1,1,0,1,0
33,2,58038.53,89322.32,2,1,0,1,1,0
67,37,47014.74,126573.27,4,0,0,0,1,0
70,7,30288.76,63406.63,4,0,1,1,2,0
48,6,61853.59,123689.2,2,0,0,1,2,0
41,49,44632.89,91275.46,4,1,1,1,1,0
36,53,61719.87,173130.78,4,0,1,1,1,0
50,8,44119.13,39225.54,4,1,0,1,2,0
49,71,38006.83,54319.64,1,0,1,1,0,0
33,23,64685.97,87563.93,2,1,1,1,2,0
19,23,63018.43,86917.02,2,1,1,0,2,0
26,21,71585.64,133504.17,1,1,0,0,2,0
68,33,103717.28,54948.76,1,1,0,0,0,1
40,12,65545.79,102147.56,3,1,1,0,1,0
43,31,69701.64,109873.89,2,0,1,0,2,0
42,15,38448.77,96139.43,4,1,0,0,0,1
59,3,34261.85,46170.11,3,1,1,1,0,0
21,26,91656.59,117232.76,1,1,1,0,1,0
22,49,41530.4,111879.75,4,0,1,1,1,0
32,55,39121.12,92987.54,2,0,1,1,2,0
43,25,59218.02,81130.43,3,1,0,1,1,0
53,23,58196.15,81783.24,4,1,1,0,2,0
44,57,41949.87,72637.93,3,1,0,0,0,0
41,49,53900.54,94223.55,1,0,0,1,1,0
67,60,84587.51,75934.05,1,0,1,0,0,0
26,66,43880.13,49544.25,2,0,0,1,0,0
48,59,32126.55,43542.25,1,1,1,0,0,0
46,68,78851.87,52438.91,1,1,0,1,2,0
43,30,69845.94,81663.97,4,1,0,0,1,1
60,28,47589.63,74191.32,1,0,0,1,0,0
32,23,28356.66,81460.31,1,0,1,0,0,0
68,17,45107.53,90024.39,3,1,0,0,1,0
35,54,58905.91,56180.37,1,1,0,1,2,0
46,52,83313.44,118969.81,2,0,0,0,2,0
45,58,39268.36,66968.68,4,1,0,0,0,0
63,12,58309.6,61997.19,3,0,1,1,2,0
41,35,73502.89,89471.59,4,0,0,0,1,0
33,16,15000.0,19904.69,2,1,0,0,2,0
19,65,80675.72,51283.97,3,1,0,1,0,0
37,19,36350.99,104432.18,1,1,0,0,1,0
61,10,66639.91,22877.34,2,1,0,1,2,0
18,41,64933.66,108527.23,1,1,1,0,0,0
65,64,81691.73,120334.1,4,1,0,0,2,1
46,66,71018.49,63916.34,1,1,0,0,0,0
25,7,15000.0,83754.38,1,1,0,0,2,0
34,23,44304.42,108572.61,2,0,1,1,2,0
47,11,62764.1,60996.32,2,1,1,1,2,0
34,22,56100.4,101033.27,2,0,1,1,2,0
23,38,69552.21,54865.54,2,1,1,1,0,0
53,20,75787.33,60671.93,2,1,0,0,1,1
53,4,72169.03,51019.91,4,1,1,1,2,0
24,37,55714.5,85279.42,3,1,1,0,0,0
32,3,23073.26,109739.07,4,0,0,0,0,0
30,16,50890.38,69476.61,4,0,1,0,0,0
52,0,68327.36,36862.53,3,0,1,1,2,0
56,6,38191.05,42518.8,4,0,1,0,0,0
56,31,72625.49,86837.98,1,1,0,1,1,0
67,62,78167.87,130323.49,4,1,1,0,1,0
58,56,62537.34,86811.75,2,1,1,0,1,0
34,7,15000.0,63393.1,3,0,0,1,2,0
23,2,34438.23,97985.52,1,0,1,0,2,0
50,24,97723.78,67815.04,1,1,1,0,1,0
66,47,49069.24,63651.44,4,1,0,1,2,0
69,54,20317.14,46246.23,2,0,0,0,0,1
30,60,84704.95,117253.47,1,1,0,0,2,0
30,24,60267.11,0.0,3,1,1,1,0,0
19,12,82098.81,98935.78,1,1,1,1,0,0
25,1,65539.17,61087.65,2,0,0,0,0,0
47,10,69171.18,62689.78,3,0,1,1,0,0
46,4,67260.18,125769.45,3,1,1,0,2,0
37,62,73949.77,53576.07,2,1,1,0,0,0
34,19,105548.61,54597.93,2,0,1,0,2,1
61,60,79420.13,71088.17,4,0,1,1,1,0
42,40,28393.21,87415.42,1,1,1,0,0,0
60,39,68933.23,61744.33,1,0,1,0,1,0
69,33,82829.62,27784.23,1,0,1,1,0,0
34,59,84054.02,49029.05,4,1,0,1,0,0
28,3,51467.9,113440.02,2,0,1,0,1,0
68,6,83298.89,77243.3,1,1,1,1,2,0
51,30,78554.85,88532.62,1,1,1,0,1,0
33,28,111450.35,67157.36,1,0,0,1,0,0
50,39,44999.97,55215.07,4,0,1,0,2,0
45,53,49851.99,125327.08,2,1,0,0,2,0
65,42,53877.62,69354.24,1,1,0,1,0,1
31,18,50195.56,61698.9,1,1,0,1,2,0
70,23,42199.59,107884.27,3,0,0,1,2,1
67,54,15000.0,53329.19,3,0,1,1,1,0
27,14,51306.01,57158.18,4,1,1,0,0,0
26,36,67387.16,75307.4,1,0,1,1,1,0
46,39,50135.56,75008.1,1,1,1,1,1,0
20,54,98707.62,82788.34,1,1,0,1,0,0
33,52,60267.52,137750.07,2,0,1,0,0,0
41,33,85820.58,85087.45,3,1,0,0,0,0
69,22,65228.41,3658.38,3,0,1,1,0,1
70,26,76528.15,84788.97,1,0,0,1,2,0
26,30,65584.83,76136.4,3,0,1,0,0,1
65,16,87375.69,76303.5,3,1,1,0,1,0
22,45,61118.79,82378.42,1,1,1,0,1,0
57,15,69922.41,74139.65,3,1,1,0,0,0
62,47,67326.66,73421.64,2,0,1,1,2,1
65,54,54234.29,93391.33,1,1,0,1,2,0
29,70,68099.65,58737.58,2,0,1,1,1,0
65,8,104687.72,46569.41,4,1,0,1,2,0
24,55,54592.06,165713.44,3,0,0,0,0,0
45,6,68389.3,53524.28,2,0,1,1,2,0
42,24,85155.58,78004.29,4,1,0,0,2,0
34,12,82805.07,30130.19,2,0,0,0,1,0
19,11,60234.33,78494.05,2,1,0,0,2,0
58,12,15000.0,47003.23,1,0,1,0,2,0
35,3,70334.06,61725.81,4,0,1,0,1,0
53,60,15610.51,106351.94,4,1,0,0,0,0
39,4,89398.74,89160.29,1,0,1,0,0,0
37,29,63389.48,92052.29,3,1,0,0,0,1
64,51,79993.48,21863.85,4,0,0,1,0,1
23,72,41957.78,130106.86,3,1,0,1,2,0
57,62,28949.85,39243.56,1,1,0,0,0,1
57,10,65215.09,120856.82,4,0,1,1,2,0
38,72,59327.93,105646.32,2,0,0,1,0,0
31,47,50169.18,92319.98,2,1,0,0,1,0
18,13,61693.23,49350.46,2,1,1,0,1,0
67,32,115348.72,79547.7,4,0,0,0,0,0
68,67,76690.51,60872.36,3,0,1,1,0,0
30,28,80989.97,75871.19,3,0,1,0,0,0
19,13,76878.74,67503.83,4,0,1,0,0,0
24,63,89589.24,13841.68,4,0,1,1,2,0
21,69,56198.57,108653.52,4,0,0,1,1,0
62,71,18904.77,72566.79,4,1,0,1,2,0
65,69,56228.28,60455.99,4,1,1,0,2,0
26,63,76234.71,58190.18,4,0,0,0,1,0
57,33,40603.99,85753.79,3,1,0,0,2,0
27,14,56472.68,48187.31,1,1,1,0,0,0
37,45,46164.61,7344.73,1,1,1,1,1,1
49,16,90040.59,87213.89,4,1,0,0,1,1
56,34,74989.14,90573.09,2,1,1,1,1,0
64,47,73030.81,69011.05,4,1,1,0,2,0
20,69,72432.03,40562.91,4,0,0,1,2,0
28,21,59255.01,77668.07,3,0,0,1,1,1
32,18,63951.13,31064.03,4,1,1,0,0,0
34,53,36296.31,44183.08,2,1,0,1,1,0
70,0,16271.16,52479.06,2,0,0,1,2,0
59,41,63001.62,100318.17,4,1,0,0,2,0
34,54,66479.81,64121.67,4,0,1,0,2,0
69,40,84185.29,61564.01,1,0,1,1,0,0
44,28,91426.72,133640.78,4,1,0,1,0,0
44,60,91399.97,85573.87,2,1,0,0,1,0
40,27,40039.53,85169.84,4,0,1,0,1,0
25,51,52954.7,63908.98,3,1,0,0,1,0
67,33,69606.69,57108.85,3,1,1,1,2,1
18,1,110638.09,9407.81,1,0,0,1,1,0
27,38,89601.98,104062.22,2,0,1,0,1,0
30,3,82387.94,88449.29,3,1,1,0,2,0
32,67,52244.24,69625.02,4,1,1,1,1,0
24,43,42336.01,70883.2,1,0,0,0,1,0
18,27,75778.16,97084.33,1,0,0,1,0,0
53,35,37986.77,28358.7,3,0,1,1,1,0
69,45,55231.27,57303.56,2,1,0,1,1,0
24,18,57704.44,40910.91,4,1,1,1,0,0
33,21,91858.24,128145.28,1,1,1,1,0,0
44,30,52906.05,101269.67,2,0,0,0,2,0
67,18,15000.0,8919.22,1,0,0,1,0,0
54,55,70088.89,29587.15,3,0,1,1,0,0
58,7,46019.56,71029.63,4,0,1,1,0,1
48,60,60852.62,60826.79,1,0,1,0,0,0
40,25,58265.91,35268.53,2,1,0,1,1,1
28,40,54525.92,133342.87,4,0,0,1,1,0
63,11,75806.81,84376.2,1,0,0,0,1,0
60,28,29342.7,89244.49,4,0,0,0,1,1
19,55,49659.72,54239.55,4,1,0,1,1,0
55,19,73680.76,96668.22,1,1,0,1,2,0
22,9,47718.3,63587.02,1,0,1,1,0,0
57,38,27823.87,66499.7,3,0,0,0,2,0
61,11,73371.11,93330.06,1,1,1,0,0,0
24,22,82461.89,26130.07,3,0,1,1,2,0
40,32,59100.1,122910.84,1,1,0,0,1,0
24,41,20783.09,80471.68,3,1,1,1,1,0
48,46,74119.39,113428.33,2,0,0,1,0,0
67,49,26802.24,42737.41,3,1,1,0,1,0
22,61,66175.99,47305.05,4,0,1,1,1,0
39,4,42250.72,40142.99,2,0,0,1,2,0
69,26,36803.21,82508.93,3,1,1,0,0,0
33,0,51161.8,76979.5,3,0,0,0,1,0
25,0,56334.05,61067.65,4,0,1,0,2,1
43,15,47115.83,44577.92,1,0,0,1,2,0
44,43,71774.07,37002.11,1,1,0,0,2,0
53,65,51078.61,73545.48,2,0,1,0,1,0
34,56,79603.82,61032.4,3,0,1,0,2,0
68,47,65623.46,54431.79,4,0,0,0,0,0
45,56,46048.86,121412.68,2,1,1,0,2,0
33,12,42681.2,72530.23,1,1,1,1,1,0
68,61,27050.07,113101.29,3,1,0,1,1,0
67,64,65814.66,59002.43,3,1,1,0,0,0
44,6,52908.25,82343.29,2,1,1,1,1,0
19,34,15000.0,73335.72,1,0,0,1,0,0
49,60,49285.7,24071.33,4,0,1,0,2,0
47,34,41979.32,117850.15,4,1,1,1,0,0
25,61,91513.55,70945.39,3,0,0,1,1,0
51,68,25944.43,97392.55,3,0,1,0,0,0
62,34,31172.98,52439.14,2,0,1,1,1,0
23,4,82199.39,70054.67,2,0,1,0,1,0
56,24,87135.26,48994.43,1,1,1,1,0,0
25,15,45100.34,112079.95,1,0,0,1,2,0
57,34,47358.28,84342.28,2,1,0,0,2,0
40,42,72324.71,86011.61,2,0,0,1,1,0
18,33,15000.0,115745.52,1,0,0,0,0,0
69,14,22776.13,109690.24,4,1,1,0,2,0
26,21,54385.33,97960.28,2,0,1,1,2,0
49,49,90997.81,32348.18,3,0,0,0,1,0
27,1,51285.4,54129.63,2,0,1,0,1,0
67,15,62018.74,44883.36,2,1,1,1,0,0
57,65,82675.79,96826.01,4,1,0,0,1,0
60,7,102137.69,80119.56,3,0,0,1,0,0
40,30,48463.03,33284.63,4,1,0,0,1,0
42,15,59663.27,69337.67,2,1,1,1,2,0
51,7,96441.1,30176.63,2,0,0,0,1,0
59,30,29556.01,73405.31,2,1,1,0,1,0
62,38,80551.62,25338.82,3,1,0,1,2,1
18,12,39633.69,90864.82,2,0,0,1,2,0
53,5,62049.45,86338.88,2,0,0,0,0,0
23,9,55147.62,132238.45,1,0,0,1,0,0
33,47,40839.77,100436.2,3,1,0,1,0,0
61,62,40337.96,62312.57,3,1,1,0,2,0
31,13,65528.29,99542.1,3,0,0,0,1,0
60,23,79910.79,33070.08,4,1,0,0,2,1
42,25,57405.28,46125.82,4,0,0,1,1,0
30,26,61402.26,84994.28,4,0,1,0,2,0
35,17,71423.48,10252.51,1,1,0,1,2,0
46,4,40567.62,73885.18,4,1,1,1,0,0
58,38,74793.85,44392.1,2,0,1,0,2,0
50,26,76386.86,78039.21,2,0,0,0,2,1
67,24,112072.53,42667.91,2,0,1,1,0,0
63,19,52477.92,87727.44,2,0,1,1,1,0
57,67,50838.36,75579.82,4,1,0,0,2,0
49,44,75379.32,117010.98,3,1,1,1,2,0
33,30,76382.08,75202.04,4,0,0,0,1,0
39,14,49298.26,51940.72,4,0,1,0,1,0
24,58,51936.75,67593.42,2,1,1,0,0,0
37,64,70822.62,34672.91,3,0,0,1,1,0
67,2,43448.32,87184.12,3,1,0,1,1,0
40,67,51789.32,92695.51,2,0,0,1,1,0
24,51,61791.86,149075.88,3,0,0,1,0,0
52,7,79918.77,56344.92,3,0,0,0,2,0
69,54,47908.03,66966.16,4,0,1,0,1,1
63,7,23152.31,57727.24,4,0,1,1,0,0
32,3,21668.05,81363.41,3,1,0,0,1,0
42,8,34811.74,86450.72,4,0,1,1,1,0
46,33,33736.65,73398.75,1,1,1,1,0,0
31,45,56907.78,107589.78,4,1,1,0,1,0
32,29,36222.4,56490.61,2,1,1,1,2,0
30,8,45944.9,104585.22,2,1,0,1,2,0
70,14,44518.28,91154.94,4,0,1,0,0,1
57,62,51189.84,74639.1,2,0,1,1,1,0
62,70,86450.09,65551.9,4,1,1,0,1,0
61,55,73238.95,147800.03,2,0,1,0,2,0
68,7,60322.59,50489.74,2,1,0,1,2,0
23,59,50779.47,83938.0,2,1,1,1,1,0
64,50,51335.35,52493.43,2,0,1,0,0,0
21,38,66554.93,128568.62,4,0,0,1,1,0
43,10,71683.38,101604.79,1,0,0,1,0,0
49,72,41847.65,54649.5,3,0,1,1,2,0
36,32,60729.62,90377.85,4,0,0,1,2,0
25,3,19367.61,82730.87,2,1,0,0,2,0
28,15,64234.28,59501.26,3,1,1,1,1,0
61,29,75242.98,97744.93,2,0,0,0,2,0
34,4,54398.63,86679.16,1,1,1,0,1,0
34,23,96330.54,81470.96,3,1,1,0,1,0
66,34,42375.23,73742.41,4,1,0,0,2,1
25,69,64348.81,87931.63,3,1,0,1,0,0
66,6,59283.51,81881.63,2,0,0,1,2,0
66,42,57994.05,76772.8,1,1,0,1,2,0
49,66,57713.56,55769.52,4,0,0,0,1,0
26,58,62142.1,125812.99,4,0,1,1,0,0
26,67,76959.17,43487.4,4,0,1,0,2,0
33,12,87554.72,87829.09,2,0,1,0,0,0
48,58,59955.0,65392.78,3,1,1,0,2,0
26,71,76306.32,127786.42,2,0,0,1,2,0
42,23,45964.66,47895.52,1,1,0,0,1,0
24,36,75319.11,52942.1,1,1,1,1,1,0
46,38,44760.17,45905.46,2,0,1,1,0,0
19,36,81813.2,84703.95,3,1,0,1,1,0
55,21,104212.82,33808.48,1,1,0,0,0,0
20,70,57558.32,60644.15,3,1,0,1,2,0
28,69,16149.13,10429.03,2,0,0,0,1,1
27,27,49038.54,82212.64,4,0,0,1,0,0
62,58,84637.5,59993.55,2,0,0,1,2,0
20,29,71061.54,30358.3,1,1,1,0,0,0
40,58,64978.27,107568.28,2,1,0,0,1,0
49,42,80173.37,35769.99,4,1,0,1,0,0
45,34,69689.07,98908.31,2,0,1,0,0,0
54,9,84354.5,53968.78,3,1,0,1,0,0
60,47,78388.47,123047.14,4,0,0,1,0,0
38,23,90434.01,97486.52,2,1,1,1,2,0
61,15,67175.92,44758.56,3,1,1,1,2,0
34,14,78105.19,47487.52,1,0,1,0,2,0
70,71,53857.46,93165.76,2,0,0,1,2,0
44,7,47970.78,67128.66,2,0,1,1,1,0
57,58,94135.35,69919.72,3,1,0,0,1,0
64,63,64324.09,113167.17,4,1,1,0,0,0
60,2,76097.61,52539.33,2,0,0,0,2,0
63,43,62474.8,77738.81,2,0,0,0,1,1
46,42,48269.69,103638.83,4,0,0,0,1,0
20,26,60219.66,99273.52,2,0,0,0,0,0
44,48,88719.88,70211.62,3,1,1,1,1,0
27,29,71104.8,66332.82,3,0,0,0,2,0
65,32,25770.54,22835.54,1,1,0,0,1,0
30,31,55695.11,43312.65,4,0,1,0,1,0
30,58,95645.88,84550.78,2,1,0,1,2,0
31,46,55724.06,70863.53,3,1,0,0,0,0
52,27,23990.43,77247.81,2,0,1,0,2,0
48,67,97860.98,106177.61,4,0,0,1,2,0
68,58,73647.85,39380.31,3,1,1,0,1,0
40,68,58599.74,67914.59,1,0,0,0,2,0
32,53,52571.65,80661.33,1,0,0,1,0,0
20,28,81647.04,53875.2,4,1,0,1,0,0
18,56,49160.33,117944.31,3,0,0,1,0,0
37,24,82965.13,102257.6,2,1,1,1,1,1
67,19,70843.91,83704.0,1,1,0,0,2,0
45,32,64893.64,128826.95,1,0,1,1,1,0
65,70,62910.3,30033.14,4,0,1,0,2,0
23,41,56500.64,74768.21,4,0,0,0,0,0
22,28,80912.8,85990.11,2,0,1,1,2,0
62,33,42693.14,47563.35,1,0,1,0,0,0
23,21,27561.5,84021.44,2,1,0,0,1,0
20,48,72288.8,41802.53,1,0,1,1,2,0
39,25,72624.77,95716.72,3,0,0,0,2,0
67,40,69604.82,106735.04,3,0,0,1,2,0
54,26,68154.57,83170.0,4,0,0,0,1,0
23,23,53589.19,19416.07,2,0,0,1,1,0
62,70,75749.65,45996.19,1,0,0,0,1,0
62,25,59088.84,91941.3,1,1,1,0,1,0
60,5,50257.73,75635.96,2,1,0,0,2,0
65,27,53762.17,0.0,3,1,0,1,1,1
30,38,100412.79,112284.91,1,1,0,0,1,0
69,6,25300.48,79099.7,4,1,1,1,1,1
34,22,69995.76,50427.76,2,0,1,0,0,0
60,12,26417.79,104848.67,4,0,1,1,0,0
48,36,57835.33,54673.8,2,1,1,1,1,0
59,52,51327.45,54346.44,1,0,1,1,1,0
51,70,18299.43,85750.58,1,1,1,0,1,0
52,28,67780.75,128431.15,3,1,1,1,2,0
50,63,52399.24,123707.62,3,0,1,1,2,0
59,15,18015.87,85791.34,4,1,1,1,2,0
57,56,76791.36,88871.57,4,1,0,0,1,0
25,41,88700.12,98744.97,1,1,1,1,2,0
61,55,89802.49,37290.49,2,0,1,1,2,0
46,55,67179.13,94324.45,1,0,0,1,0,0
35,38,60921.16,52977.8,1,0,1,0,1,0
45,18,86563.13,84554.34,1,0,1,1,1,0
69,38,93647.67,68175.97,1,1,1,1,2,0
63,60,82671.37,90036.25,3,1,1,0,1,0
62,70,41169.25,78543.1,1,0,1,1,0,0
42,67,64026.9,0.0,1,1,1,1,0,0
59,13,68790.32,80366.75,1,1,1,0,0,0
38,43,23807.66,94264.59,3,0,1,1,0,0
54,7,69387.21,88377.85,3,0,0,1,0,0
51,48,105459.84,71922.42,4,1,0,0,2,0
31,72,72798.72,124264.85,1,1,0,1,1,0
32,3,89468.26,84341.19,1,1,1,0,2,0
21,47,63658.29,88130.2,2,1,1,0,2,0
25,69,58535.63,106334.76,3,1,1,1,1,0
40,61,67625.43,85877.79,1,1,1,1,1,0
43,28,43683.47,48059.47,1,0,1,1,0,0
26,7,40724.5,1849.88,2,1,1,1,2,0
40,67,85326.09,60686.37,1,1,1,0,1,0
50,67,87446.85,97828.37,2,0,0,1,2,0
30,42,40177.87,64407.11,4,1,1,0,0,1
35,71,79359.98,99035.35,3,1,0,0,0,1
37,0,58260.8,79461.85,2,0,1,0,0,0
44,45,66796.17,113641.98,2,0,1,1,2,0
37,2,69204.37,66143.5,4,1,0,1,1,0
57,68,79887.01,89028.44,3,1,0,0,0,0
35,49,61654.36,90176.55,3,1,0,1,0,0
40,66,88203.24,120048.06,4,0,0,1,1,0
38,41,66188.26,23800.88,1,1,1,1,2,0
27,6,72483.69,61247.75,1,0,1,1,2,0
54,1,43334.75,100455.48,2,0,1,0,1,0
30,24,103173.18,121376.89,2,0,1,0,2,0
33,54,69396.5,82202.15,1,1,1,1,0,0
60,11,74259.95,66218.88,1,1,0,1,2,0
68,62,27836.28,97713.55,4,0,0,1,0,0
53,17,43545.96,101061.08,3,0,0,0,1,0
66,36,84757.67,64210.15,3,0,0,1,2,0
63,14,65737.82,84909.22,1,0,0,0,2,0
43,34,21724.41,110415.82,2,0,0,0,0,0
58,33,80765.8,131713.77,3,1,0,0,1,0
35,0,49124.34,97278.15,3,0,1,0,0,0
42,41,88226.34,76324.17,3,0,1,0,0,0
46,57,58243.29,73377.74,3,0,1,1,1,0
68,68,64094.13,91721.9,2,1,1,0,1,0
62,24,83579.09,71529.81,4,0,1,0,0,0
43,64,42050.14,80689.21,2,0,0,0,2,0
52,64,40143.06,43263.71,1,1,0,1,1,0
28,72,56070.03,113911.72,4,0,0,1,1,1
60,27,76543.46,40794.46,1,0,1,1,1,0
47,62,33382.45,62036.65,2,1,1,1,1,0
46,41,26639.31,77927.8,1,1,1,0,0,0
58,4,76474.42,134729.61,1,1,1,0,1,0
51,19,47940.43,62319.51,2,0,0,0,2,0
21,49,52155.48,55019.53,1,0,1,0,1,0
33,11,22863.79,58475.49,2,1,1,1,1,0
27,31,46420.41,124766.92,4,1,1,0,2,0
56,56,59848.65,0.0,1,1,1,1,1,0
19,10,78607.56,44917.86,4,1,0,0,0,0
28,36,44575.4,156938.66,2,1,0,0,0,0
49,15,93147.52,92726.46,3,1,0,1,2,1
54,39,46308.88,41820.45,2,1,0,0,1,0
44,17,46338.16,73742.46,2,1,0,1,1,1
63,70,90747.15,77023.64,1,1,1,1,0,0
66,5,64229.2,100383.76,3,1,0,1,0,0
25,70,48959.51,130185.06,4,0,1,0,1,1
68,57,56897.34,86656.55,3,1,1,1,2,0
50,62,87061.47,58806.35,3,0,1,1,0,0
51,62,89324.06,98612.53,3,0,1,0,1,0
23,13,43664.14,54052.42,2,0,1,1,2,0
50,67,59151.32,43999.88,1,1,0,1,0,0
56,43,61803.14,22202.73,3,0,0,0,0,1
48,70,40275.2,28046.15,4,0,0,1,0,1
22,64,58886.3,48106.65,2,0,1,1,2,1
45,42,60106.46,39666.31,4,0,0,0,1,1
67,27,82804.19,84397.1,4,0,1,1,2,0
56,8,84148.5,39017.95,1,0,0,1,2,0
25,7,53415.81,0.0,3,1,0,0,1,1
68,28,55720.94,43682.65,3,0,1,0,0,0
68,59,73285.85,60844.21,2,1,1,1,0,0
26,36,48296.23,56836.52,3,1,1,0,1,0
60,35,71772.8,120585.74,4,1,0,1,1,0
39,17,58241.87,56593.72,3,1,0,1,0,1
49,41,40612.03,101427.7,4,1,0,1,2,0
41,46,40863.27,74430.52,4,1,0,0,0,0
59,71,88941.17,73730.86,4,0,0,0,1,0
70,53,56871.57,49938.59,4,1,1,0,2,0
60,44,92807.08,73236.52,1,0,1,1,1,0
67,66,49727.27,52047.12,1,1,1,0,2,0
68,31,65824.1,80100.73,1,1,0,0,0,0
22,68,107853.53,67912.51,1,1,0,0,2,0
31,27,38852.27,46661.16,3,1,0,1,2,0
56,9,22043.71,104756.83,3,0,1,1,2,0
49,30,85731.8,87805.21,2,0,1,1,0,0
20,9,43463.82,61558.12,1,1,0,0,0,0
23,8,59585.87,79364.79,3,0,0,0,0,0
45,64,48281.64,72485.32,2,0,0,0,2,0
50,58,65363.26,48972.27,4,0,1,0,0,0
26,16,40989.28,77114.89,1,1,1,0,1,0
27,61,56401.2,56369.65,2,0,1,1,1,0
24,5,68996.31,46651.98,1,1,1,0,2,0
47,20,39833.82,26316.98,2,0,0,0,2,0
18,51,45998.32,64241.78,4,0,1,1,0,0
48,22,53052.34,92009.12,2,0,0,1,2,0
43,53,31423.69,54160.22,2,0,0,0,0,0
42,63,51548.78,150621.26,2,1,1,1,0,0
54,4,62375.93,101570.57,2,1,1,0,0,0
45,1,52009.02,114129.9,3,1,0,1,1,0
56,68,54572.47,98857.29,4,0,1,0,1,0
58,37,59601.97,130585.95,3,1,0,0,2,0
66,36,46885.13,51389.94,3,1,0,1,2,0
60,33,73821.25,0.0,2,1,1,0,1,0
45,31,88719.56,61616.23,1,1,0,0,1,0
44,50,50712.39,91746.56,3,1,1,0,0,0
30,42,69703.96,79545.51,4,1,1,1,2,0
49,11,55207.66,83264.18,3,0,1,1,1,1
25,45,67309.75,114627.3,1,0,1,0,2,0
67,48,91315.59,86461.73,3,1,1,1,1,0
62,8,70173.19,98967.39,4,1,0,0,2,1
24,27,24531.71,46813.12,1,0,1,1,2,0
59,57,69079.91,42138.19,1,0,0,0,2,0
24,45,84657.27,123423.42,3,1,1,0,1,0
56,9,55568.08,78027.05,2,1,1,0,0,0
22,2,79912.7,56303.12,3,0,1,0,0,0
43,42,46197.69,56358.17,3,1,0,0,1,1
52,33,30289.22,55526.31,2,1,1,0,2,0
56,70,62823.38,53731.23,1,1,0,0,2,0
40,38,24870.47,36505.57,3,1,1,1,0,0
66,67,55204.58,29987.39,2,0,1,0,1,0
59,15,85736.85,69149.87,4,0,1,0,2,0
29,32,21804.74,57212.22,2,1,0,1,0,0
53,10,34410.06,108214.78,1,0,0,0,1,0
56,41,39359.36,83792.3,4,0,0,1,2,0
35,13,58733.6,82959.53,3,0,1,1,0,0
57,35,52685.66,52706.39,3,1,1,1,0,0
65,25,87982.73,71369.15,4,1,1,1,1,0
61,13,79086.97,85830.03,4,0,1,1,2,1
58,7,69905.46,96485.87,4,1,0,0,0,0
51,37,62912.61,72183.25,4,0,0,1,2,0
32,69,67864.6,107373.71,2,0,0,1,0,0
60,14,42760.35,75239.68,1,1,0,1,1,0
37,29,77144.21,98785.41,3,1,1,0,1,0
46,16,37759.11,60304.43,4,0,1,0,0,0
34,59,76707.54,20622.35,4,0,0,0,2,0
34,30,83722.85,83050.77,3,1,1,1,2,0
26,71,64217.29,96759.72,3,0,0,0,2,0
68,17,56475.74,92260.42,3,0,0,1,0,1
25,5,68006.2,87665.6,1,0,0,0,1,0
22,42,15000.0,64542.39,1,0,0,0,2,0
67,47,66045.16,50797.61,1,1,0,1,0,0
47,72,57732.92,91551.85,4,0,1,1,1,0
41,63,58987.44,87793.42,4,0,1,1,1,0
57,64,74130.65,58173.03,2,0,0,1,1,0
38,46,58504.62,108282.73,2,0,0,1,1,0
24,26,37195.86,48514.03,2,0,0,1,2,0
56,31,57171.95,57494.3,1,0,0,0,0,0
27,9,61351.11,124092.76,2,0,1,1,2,0
47,31,62298.68,101057.46,2,1,1,1,2,0
68,26,63238.39,64259.72,3,1,0,1,0,0
67,2,80787.38,83621.42,4,1,0,1,2,0
37,14,38279.31,79643.77,1,0,1,1,0,0
59,39,63514.01,0.0,2,1,0,0,0,0
50,26,85798.59,47805.78,4,0,1,1,1,0
43,72,25307.77,73474.6,4,1,1,1,2,0
25,34,63592.93,64301.66,4,0,1,0,2,0
37,69,48292.43,82413.08,3,1,1,1,1,0
52,48,52585.79,108884.47,1,0,0,1,2,0
70,2,41903.85,65353.93,4,0,1,1,0,1
18,14,56608.99,43270.36,3,0,1,1,2,0
56,51,96825.11,84745.55,4,1,1,0,1,0
62,39,34711.39,65201.3,4,0,1,1,0,1
68,22,36607.8,70318.09,2,0,1,1,0,0
40,38,33961.31,66246.79,1,1,1,0,0,0
24,65,94548.37,142255.13,3,0,0,1,0,0
32,28,50753.21,7778.87,2,0,0,0,0,1
63,3,59487.22,63349.98,1,0,1,1,2,0
64,22,51944.34,74889.33,2,0,0,1,0,0
51,68,41111.54,51565.73,4,0,1,1,1,0
24,55,55296.99,101994.77,2,0,0,1,2,0
24,61,109164.87,99397.73,2,1,0,0,0,0
43,66,87841.42,73567.36,3,0,1,0,2,0
49,8,42941.24,66879.79,3,1,1,1,1,0
19,20,72951.48,71641.29,2,0,1,0,0,0
54,4,43369.54,71856.4,4,1,0,1,2,0
46,0,24472.65,72648.81,3,0,0,0,1,1
18,60,80390.22,69360.03,1,0,1,1,1,0
23,68,83201.86,82573.48,2,0,1,1,2,1
42,11,80921.05,97596.36,4,1,1,0,2,0
56,52,50602.7,38092.2,1,1,1,0,2,0
61,39,56664.49,43480.08,1,1,1,0,2,0
40,5,74995.31,22544.46,3,1,0,1,0,0
33,66,67829.92,100991.92,2,0,0,0,1,1
69,63,52127.25,82509.7,2,1,0,1,0,0
42,41,27618.56,90158.03,2,1,1,0,2,0
34,51,62277.5,32115.05,1,1,0,1,2,0
41,28,81580.19,128548.44,2,1,1,1,1,0
18,57,36048.23,56734.47,1,0,0,0,1,0
34,32,72775.19,80046.17,3,0,0,0,2,1
45,72,66630.83,100631.54,3,0,1,0,0,0
66,4,75002.97,45390.61,4,1,0,1,1,1
57,12,77439.51,58610.27,1,1,1,1,2,0
59,70,46110.7,80375.15,2,1,1,1,0,0
46,21,27660.81,160724.19,2,1,1,1,2,0
23,22,49329.61,84033.74,3,0,0,1,0,0
38,57,77782.55,123190.83,3,0,1,0,2,0
70,13,49159.92,111170.19,4,0,1,0,1,0
20,37,46119.13,86040.3,4,1,0,1,2,0
64,20,23572.99,45324.13,4,1,1,1,2,0
54,14,95052.95,106792.61,1,1,0,1,1,0
33,70,76514.27,30056.69,1,1,0,1,2,0
59,14,75397.92,123026.25,4,0,0,0,1,1
62,6,79354.51,81000.16,4,1,1,1,1,0
20,49,71534.17,0.0,2,1,1,1,2,0
23,63,55113.42,64784.82,1,1,0,0,0,0
53,9,56724.72,94618.43,3,1,0,0,1,0
70,51,51448.71,67889.28,3,1,1,1,0,0
19,39,112694.82,96450.17,4,0,1,0,1,0
53,60,71118.24,49499.27,3,1,1,0,2,0
25,9,50723.99,35820.53,4,0,0,0,0,0
52,71,69309.94,72856.64,4,1,0,1,1,0
51,45,39782.62,75946.97,1,1,0,0,1,0
22,61,90090.13,64548.47,1,1,1,0,2,0
54,26,46778.62,111818.73,4,0,1,0,0,0
65,68,70021.71,49493.78,1,0,1,0,0,0
63,45,81319.55,84394.97,1,1,0,0,0,0
19,9,67695.37,77039.1,4,1,1,1,1,0
31,67,61889.4,28298.52,1,0,1,0,1,0
30,58,60216.04,35429.09,1,1,0,0,2,0
42,21,58871.18,75357.33,1,1,0,1,1,0
25,39,48466.03,134436.0,2,1,1,1,0,0
63,28,51010.33,92378.09,3,0,1,1,2,0
59,39,89591.81,23230.96,3,1,1,1,0,0
60,70,57829.27,0.0,4,0,0,0,1,0
28,65,44284.07,96991.61,3,1,0,0,1,0
18,15,49674.05,72113.6,4,1,1,0,0,0
66,70,82007.41,109237.98,1,0,1,0,1,0
33,31,73512.13,48578.46,2,1,0,1,1,0
52,51,71206.58,85506.37,2,0,0,0,2,0
66,55,54849.58,100385.2,1,1,0,1,0,0
19,35,71467.25,61576.09,4,0,1,1,2,0
18,33,47128.78,62217.43,1,1,0,1,1,0
18,33,54807.72,75757.88,2,0,0,1,2,0
26,62,79396.09,91280.29,2,0,1,1,0,0
20,28,77485.55,74569.98,1,0,1,0,0,0
61,20,40361.8,104219.89,4,1,0,1,2,0
50,26,42889.47,61141.94,1,0,0,1,1,0
69,14,62174.04,35148.14,1,0,0,1,0,0
60,28,94522.65,134309.26,2,0,0,0,2,0
69,8,21688.7,56860.99,1,0,0,1,0,0
30,6,65566.66,57946.74,4,0,1,1,1,1
33,52,32479.13,73025.9,1,1,0,0,2,0
63,5,47313.38,77015.43,2,1,1,1,2,0
30,41,52711.43,63399.49,2,1,0,0,2,0
21,56,51589.83,74476.98,1,1,1,0,1,0
53,52,49324.08,73807.13,1,1,1,1,0,0
60,32,60144.14,80244.58,3,0,1,1,0,0
69,14,49294.89,4275.38,1,1,1,0,2,0
67,67,30750.85,131426.29,1,0,0,0,1,0
24,60,75597.39,70581.35,2,1,1,0,0,0
58,44,75057.44,92418.68,2,0,1,1,2,0
62,6,76863.49,33656.96,2,1,0,0,2,1
55,2,29185.31,60869.99,4,0,0,1,0,1
61,23,65978.36,54830.52,2,0,1,0,2,0
62,11,73519.58,119091.71,3,0,0,1,1,0
41,62,39375.96,57425.59,4,1,1,0,1,0
20,15,60183.46,97742.4,1,0,1,0,2,0
42,20,57674.67,55487.39,3,0,0,0,0,0
28,71,96843.01,61421.43,2,0,1,1,0,0
24,59,98489.92,67633.5,3,1,1,1,2,0
24,15,26712.87,113515.35,1,1,0,0,1,0
54,27,109878.54,18304.42,2,1,1,0,0,0
44,37,41695.49,35530.09,1,1,0,1,2,0
46,48,79613.47,16580.85,4,0,0,0,0,1
57,68,79409.96,42374.94,3,1,1,0,2,0
47,63,40086.2,50652.0,1,0,1,0,0,0
51,71,69865.36,26565.56,3,0,0,1,1,0
22,2,57849.33,52975.57,4,0,0,0,1,0
63,17,71086.6,14558.57,3,0,0,0,2,0
41,41,64613.45,44460.34,2,0,0,0,1,0
26,3,83926.79,111012.61,4,1,0,1,2,0
61,25,61507.99,87107.64,1,1,1,1,0,0
56,11,56642.52,80624.03,1,0,0,1,1,0
20,68,81921.28,44916.64,1,0,0,0,2,0
28,4,71607.92,28917.45,4,1,0,0,0,1
18,10,74636.27,40825.32,3,0,1,0,2,0
32,14,46708.27,73703.71,3,1,1,1,2,0
23,10,39094.74,101045.3,3,0,1,0,2,0
55,41,48645.56,102071.02,2,1,0,1,0,0
45,26,47583.57,93918.37,1,1,1,0,2,0
69,66,75723.99,52873.29,4,0,1,0,2,0
57,19,79519.68,75736.49,4,0,1,0,0,0
50,39,56897.39,65359.72,1,1,1,1,1,0
44,48,88618.38,68964.31,1,0,1,1,0,0
20,45,87369.39,136113.84,3,0,1,1,1,0
21,58,64867.98,22139.99,1,0,1,0,0,0
50,14,43562.16,67959.7,3,0,1,1,1,0
18,37,91507.53,111352.47,4,1,1,1,1,0
20,58,58779.65,31023.26,2,0,1,0,1,0
29,63,62523.3,55687.58,2,0,0,1,2,0
64,45,53207.9,59128.85,4,1,1,1,2,1
42,47,42204.19,68301.31,2,1,0,0,0,0
55,63,30627.21,27121.29,1,1,1,0,0,0
39,45,72657.37,92858.58,1,1,0,0,0,0
27,69,44331.98,94988.62,4,0,1,1,2,0
37,9,121190.62,90251.26,4,1,1,0,0,0
22,25,38278.53,48888.79,1,0,1,0,0,0
58,8,34852.35,77595.32,4,1,0,1,0,0
27,6,70202.77,48016.79,1,1,1,0,2,0
37,34,90586.27,65022.1,1,1,1,0,1,0
69,16,61291.79,139604.04,2,1,0,0,2,0
49,29,71444.85,77870.86,2,0,0,1,0,1
42,31,23129.05,39374.2,4,0,1,0,1,0
46,45,46449.77,80410.06,3,1,1,0,1,1
59,69,38527.69,34446.12,1,0,1,1,0,0
31,62,22099.08,39029.69,3,1,0,0,2,0
51,27,62339.6,43766.31,4,1,0,1,2,0
64,23,15143.45,61670.72,3,0,1,0,0,0
48,56,33556.08,103109.07,1,1,1,1,2,0
41,9,49256.12,92351.95,1,1,1,1,1,0
25,39,43374.28,90689.86,2,1,0,1,1,0
31,30,67928.17,42032.26,2,0,0,0,2,1
68,13,66111.6,58760.57,2,0,0,0,1,0
46,45,77875.97,83160.03,1,0,1,1,0,0
33,23,75047.67,56150.4,1,0,1,0,2,0
40,13,82816.26,66649.01,3,0,0,0,2,0
48,47,59961.63,88240.76,4,0,0,1,0,0
46,12,66069.34,64536.82,3,0,1,1,2,0
55,49,70230.27,81781.79,2,0,0,1,1,0
31,11,62833.13,122781.85,4,1,0,1,0,0
52,31,52056.11,69844.24,3,1,0,1,1,0
41,58,53351.15,110380.13,3,1,1,0,2,0
67,16,43648.83,91781.1,3,0,1,0,0,0
26,56,68432.34,30982.74,4,1,1,1,2,0
25,52,58119.7,41935.89,3,1,0,1,2,0
42,65,46736.52,49992.12,3,0,1,0,2,0
44,12,46755.1,49354.95,3,1,1,0,0,0
54,52,35792.03,72291.31,4,0,0,0,0,0
39,68,79576.83,93439.32,4,1,1,1,2,0
66,55,61572.35,112654.75,2,0,0,1,1,0
43,13,42744.0,84245.25,3,1,1,0,1,0
24,60,76170.95,61629.61,1,0,1,0,1,0
24,7,48791.02,12532.76,3,1,1,1,1,0
69,42,31869.99,77117.69,4,1,1,0,1,0
25,36,80424.45,75773.11,3,0,1,0,1,0
68,38,49258.06,80487.86,2,0,1,0,1,0
32,37,51822.02,138187.21,3,0,0,1,1,0
22,2,60823.6,112217.9,2,0,0,1,1,0
34,37,82851.78,98551.83,2,0,1,0,2,0
50,68,60400.75,46137.69,1,1,0,0,1,0
40,31,36017.66,59610.16,3,1,1,1,2,0
59,20,70877.54,72154.66,1,1,1,1,1,0
50,72,50300.21,51737.79,2,1,0,0,2,0
39,7,97758.48,90013.94,4,1,1,0,1,0
51,35,59977.61,85707.27,4,0,0,1,1,0
69,37,15299.29,42350.77,2,1,0,0,0,0
39,34,67147.3,110904.5,4,0,1,0,0,0
26,67,98891.96,78069.31,1,1,0,1,2,0
39,30,91518.41,23127.87,4,0,0,0,0,1
62,71,96619.09,73459.71,2,0,0,0,0,0
29,4,39604.8,83436.19,4,0,1,1,2,0
68,53,78243.05,104183.77,4,1,0,0,2,0
49,43,45560.11,64875.71,3,1,0,0,1,0
49,17,64485.79,99838.15,3,1,0,1,1,0
34,16,34540.95,80614.26,3,0,1,0,1,0
66,52,47110.88,35548.36,1,1,0,1,2,0
19,46,46475.07,32545.0,1,1,0,1,1,0
33,44,77971.11,108676.8,2,0,1,1,0,0
40,3,76014.38,110879.53,2,1,1,1,1,0
43,43,65536.39,84687.28,3,1,1,0,0,0
43,71,32991.57,119871.2,2,0,0,1,2,0
25,1,53767.21,106698.3,3,0,0,0,0,1
29,34,45077.67,95508.86,1,0,0,0,1,0
23,36,77393.52,47660.66,1,1,0,0,0,0
48,65,83563.7,126942.86,4,1,0,1,2,0
36,20,81127.71,91089.04,4,1,1,1,1,0
47,34,44895.61,63424.84,4,1,0,1,0,1
49,52,15000.0,54951.9,2,0,1,1,2,0
55,4,24660.76,82703.51,3,0,1,0,1,0
46,58,88432.54,24868.23,3,0,0,1,1,0
52,60,51974.9,95990.2,2,0,1,1,0,0
49,52,44985.51,46392.88,3,1,1,0,0,0
52,47,92853.21,86118.24,3,1,0,0,2,0
50,54,85303.2,59351.39,2,1,0,0,1,0
34,57,60488.97,67067.44,2,1,1,1,1,0
31,65,54131.94,52292.7,2,0,0,0,2,0
59,31,57357.98,70163.12,4,1,0,1,1,1
36,33,64543.26,131681.39,4,0,0,1,1,0
47,46,92000.95,116551.79,4,1,0,0,2,0
28,14,68449.35,85634.37,4,1,0,0,0,0
40,62,74520.58,74241.17,2,1,1,0,1,0
46,56,83385.4,100326.04,4,1,1,0,2,0
51,46,36606.48,108899.11,1,0,1,0,0,0
45,22,75097.24,50105.45,4,1,1,1,0,0
37,25,54108.62,72676.83,2,1,1,0,1,0
68,31,15000.0,20341.25,2,1,1,1,0,0
45,48,17436.61,108693.06,1,0,0,1,0,0
60,56,39637.65,136950.73,1,0,0,1,0,0
57,49,70624.46,77402.48,2,1,0,1,2,0
47,67,62275.99,11249.7,3,0,1,0,0,0
64,70,63687.33,93266.72,1,1,1,1,2,0
24,51,99018.87,47877.33,4,0,1,1,1,0
66,27,34618.21,55099.52,1,1,0,0,2,0
63,43,59451.33,93797.29,4,0,0,0,0,0
44,31,66088.71,82636.62,2,1,0,1,2,0
56,45,45274.54,60356.74,2,0,0,1,1,1
45,59,60566.53,55511.83,1,1,1,0,2,0
32,26,28001.01,78775.08,4,0,0,1,2,1
60,36,88198.12,62716.03,3,1,1,0,1,0
31,3,46367.71,41722.89,1,0,1,1,2,0
34,53,100628.0,65023.1,1,1,0,1,0,0
45,35,59350.51,85187.78,3,1,1,0,1,0
62,33,80561.07,69656.9,4,1,0,1,1,0
38,38,58933.94,32594.74,1,0,0,0,2,0
44,15,59385.12,104671.94,1,0,1,1,2,0
20,43,48319.41,0.0,3,0,1,1,2,0
24,54,62382.48,61609.05,1,0,0,1,2,0
20,25,66359.97,56394.05,2,1,1,0,2,0
21,9,44314.83,79445.37,1,1,0,0,2,0
64,28,57499.11,91849.85,2,0,0,1,1,0
62,14,47798.02,108802.94,3,1,0,1,0,0
61,27,105993.28,53627.85,2,0,0,0,2,0
20,45,58205.38,92597.47,2,1,1,1,0,0
22,8,90904.64,80874.55,2,0,1,1,0,0
32,54,56087.55,23653.82,3,1,1,1,2,0
47,16,65185.75,132016.21,1,0,1,0,0,0
35,65,33572.72,31836.75,1,0,0,0,0,0
43,53,51058.55,87584.92,1,0,1,0,1,0
27,19,64210.69,86698.8,4,0,0,0,1,0
56,41,91720.08,83269.1,3,1,1,0,0,0
34,8,64439.66,60162.69,1,1,1,0,1,0
21,7,87674.41,99817.58,2,0,1,0,0,0
57,69,72814.58,28188.98,2,0,1,0,0,0
65,58,92548.03,73025.14,1,1,0,1,0,0
18,11,58819.16,58083.76,4,1,1,0,2,0
41,20,107804.45,54681.06,4,0,1,0,1,0
61,14,50292.08,87862.43,1,1,0,1,2,0
55,28,44670.76,107324.36,1,1,1,1,0,0
63,21,35798.94,64702.33,2,1,1,1,2,0
40,23,106620.49,98420.43,3,1,0,0,2,0
37,38,76388.95,76492.22,4,0,1,0,1,0
55,13,53317.59,48218.03,2,0,0,1,2,1
26,64,84980.45,67261.44,2,1,1,1,1,0
30,53,73753.84,66015.42,1,0,0,0,1,1
49,55,99322.55,54100.2,1,0,0,1,2,0
53,12,29043.34,87854.49,1,1,1,1,1,0
24,51,54692.8,82039.39,2,0,1,1,1,0
44,61,50749.57,27280.51,3,1,1,1,2,0
37,12,20526.35,25454.22,1,0,0,1,1,1
44,54,81206.54,87740.53,1,0,1,0,0,0
68,26,54592.07,50541.41,4,0,0,1,2,0
22,57,74792.62,84061.23,4,0,1,1,2,0
70,34,107195.44,98427.95,3,1,0,0,0,0
41,58,52935.13,36871.41,3,1,1,0,2,0
58,10,51576.94,32653.88,3,1,1,0,0,0
40,28,62373.28,125232.95,2,1,0,0,0,0
34,19,79744.95,85547.12,1,0,0,1,2,0
58,18,48665.74,62422.78,2,0,1,0,1,0
54,22,47380.77,46981.79,3,1,1,1,1,1
25,27,81143.79,59686.77,3,0,0,1,1,0
55,9,67572.79,39282.83,3,1,1,1,0,0
57,51,19105.43,101502.37,3,1,0,1,2,0
38,40,35492.16,51697.47,1,1,1,1,0,0
67,60,90024.72,107806.04,3,1,0,1,2,1
51,51,68038.57,62981.13,4,1,0,0,2,0
35,10,44756.08,43699.49,3,1,1,1,0,0
18,5,56591.81,62210.95,3,1,1,0,1,0
53,30,60264.73,0.0,1,0,0,0,0,0
29,35,74714.67,71376.94,4,0,0,1,1,0
58,17,32834.73,69896.42,2,1,0,0,1,0
45,57,43181.02,99742.28,2,0,0,0,0,0
42,42,65459.12,18410.85,2,1,1,1,2,0
26,54,58003.31,109855.99,1,0,0,1,2,0
55,7,71437.18,99617.98,4,1,1,1,0,0
26,59,35409.85,112561.31,3,1,0,1,2,0
40,15,67142.57,73418.36,2,1,0,1,2,0
62,32,81831.67,105416.91,4,1,1,1,1,0
66,32,69736.37,30862.68,1,0,0,1,2,0
70,59,62782.23,96391.43,2,0,0,0,0,0
68,20,58082.33,51865.12,3,0,0,1,2,0
47,17,43302.98,25457.95,1,0,0,1,2,0
28,24,58560.03,41275.78,3,1,1,0,1,0
62,26,85194.12,75165.93,4,1,1,0,2,0
60,13,57619.43,50271.02,3,0,0,1,2,0
70,12,42203.92,86282.21,1,0,0,1,2,1
52,16,50155.06,20752.87,3,1,0,1,1,1
25,34,64017.01,11187.07,2,1,0,0,2,0
44,25,52529.72,116171.62,3,1,0,1,1,1
41,28,69706.07,102114.0,3,1,0,1,1,0
62,52,70456.88,43521.09,1,0,1,1,0,0
38,17,77779.66,74910.01,1,0,0,0,0,1
35,66,88471.19,105585.21,1,0,1,1,2,0
22,54,79917.17,87576.02,1,0,1,0,1,0
62,12,41315.22,79446.69,2,0,0,0,1,1
58,22,41929.31,107854.62,1,0,0,1,2,0
20,13,58484.57,53078.63,4,1,0,0,0,0
40,19,50976.49,75935.35,4,0,0,0,0,0
43,26,37233.47,74464.54,1,1,0,0,0,0
42,9,51166.16,66817.14,2,1,1,0,0,0
66,1,50509.74,63305.83,3,1,0,0,1,0
25,32,46563.05,77186.05,3,1,0,1,2,0
34,51,53684.21,76032.22,3,1,1,1,0,0
27,22,83569.02,43547.17,4,0,1,1,1,0
30,62,63984.76,99053.88,3,0,1,0,0,0
66,26,109436.18,45708.44,3,1,1,0,2,0
67,65,63410.16,68453.0,3,1,0,1,1,0
20,17,54198.68,66141.59,3,0,0,1,0,0
51,39,60082.66,85743.11,2,0,0,0,1,1
30,55,65129.84,11426.88,3,0,0,1,1,0
28,4,68705.08,101727.29,4,0,0,0,2,1
33,67,101534.23,54690.29,2,1,0,1,0,0
28,26,43093.59,111598.9,1,0,0,0,2,0
43,36,77180.92,60655.05,3,1,0,0,2,0
70,45,64155.01,73534.69,4,1,1,0,0,1
49,46,28578.05,132413.58,4,1,0,0,2,0
56,1,75413.98,66679.85,3,0,0,1,2,0
44,63,85352.47,112165.5,4,0,1,1,1,0
18,45,42856.47,76171.35,2,0,1,1,0,0
22,72,59821.32,87462.56,2,1,0,0,1,0
32,34,25492.91,77098.76,2,1,0,1,1,0
30,44,34823.87,100435.55,2,0,0,0,0,0
62,32,80960.59,54434.05,3,0,0,0,1,0
62,64,50671.67,45478.54,4,1,0,1,2,1
63,60,37823.94,55842.71,2,1,1,1,1,0
51,66,64589.21,77991.31,1,1,1,0,2,1
47,36,49551.75,68375.44,4,1,0,0,0,0
52,57,50583.57,96308.25,4,1,1,1,2,0
39,26,74786.52,114141.95,4,0,1,1,1,0
53,33,36765.33,45724.85,2,0,0,0,0,0
60,55,41892.7,52981.54,3,1,0,1,2,0
58,5,63081.6,31912.82,3,0,1,1,1,0
50,51,79388.2,135911.19,4,1,0,0,1,1
21,1,84763.21,84140.08,4,1,0,1,0,0
56,42,46698.77,89394.07,4,0,0,1,2,0
37,34,78747.54,34793.75,2,0,1,1,0,0
57,34,44317.15,74964.9,1,0,0,0,0,0
46,36,96524.19,90277.44,1,1,1,1,0,0
64,35,37324.58,67417.27,4,1,0,1,1,0
35,29,86569.58,107271.17,4,1,1,1,0,0
67,32,46870.28,144354.93,1,1,0,1,2,0
62,41,100264.93,46588.12,2,1,0,0,0,0
35,55,71826.41,44337.38,1,0,0,0,2,0
43,40,39679.67,48667.32,2,0,0,1,2,0
46,46,49555.23,123185.97,3,1,1,1,2,0
58,61,75623.62,106270.66,3,1,1,1,0,0
54,72,81052.89,70934.17,2,1,0,1,0,0
63,7,58585.69,76096.79,2,0,0,1,2,0
37,52,60893.17,50503.69,3,0,0,0,1,0
44,16,75167.06,101700.81,3,0,0,0,2,1
40,14,62635.97,63602.95,1,0,0,1,0,0
66,57,34129.9,67197.7,1,1,1,0,1,0
34,5,43740.52,93263.69,2,0,0,0,0,1
49,61,64702.4,69360.15,2,0,1,1,1,0
24,56,84309.65,67951.02,4,1,0,0,0,0
63,72,92319.65,75317.26,4,1,1,1,2,0
38,48,75590.59,98860.66,3,0,1,0,1,1
36,63,65745.82,124394.79,1,1,1,0,0,0
48,8,74976.28,92564.59,1,1,1,0,1,0
44,64,46664.98,99099.43,2,1,1,0,1,0
62,11,56935.38,69004.38,3,0,0,1,2,0
46,22,43517.39,53766.06,3,1,0,1,1,0
45,9,35025.15,94619.59,1,1,0,0,1,0
23,29,66670.98,80137.22,4,1,1,0,2,0
19,54,63710.27,32321.14,2,1,1,1,1,0
39,19,73753.05,65157.91,3,0,1,1,2,0
70,60,70922.24,72513.09,1,1,0,1,2,0
66,44,64852.89,59686.26,4,1,1,0,2,1
51,45,71132.33,119452.07,3,1,0,1,2,0
51,68,59146.34,89395.17,1,0,0,0,2,0
38,31,68257.83,116195.25,2,1,1,1,1,0
27,25,45477.11,82902.76,2,1,0,0,1,0
18,72,67394.12,77441.64,1,1,0,0,0,0
35,40,73368.35,46902.07,4,0,1,1,2,0
34,44,46606.37,75357.89,4,0,1,1,2,0
28,21,61036.64,75391.62,4,1,0,1,2,0
31,15,47527.95,33986.58,2,1,0,0,2,0
19,12,49469.87,58814.18,3,0,0,0,1,0
50,16,37501.41,65301.52,2,0,0,0,0,0
67,14,85315.5,87404.39,2,0,1,0,2,1
54,54,81313.7,88840.5,3,0,1,0,2,0
41,4,70748.68,57560.45,2,0,1,0,2,0
40,45,99443.92,89066.09,4,0,1,0,1,0
34,69,56215.09,69537.63,1,0,0,0,1,0
25,55,120635.25,0.0,1,1,0,0,0,0
49,29,55449.41,60458.94,4,0,0,1,0,0
48,4,65103.87,107369.66,4,1,1,1,2,0
18,60,52044.44,24545.83,4,0,0,0,0,0
40,0,67446.51,78380.74,2,0,0,1,0,0
32,49,76712.3,122557.84,2,0,1,1,2,0
27,48,57721.67,52181.61,1,0,1,0,1,0
55,14,95534.4,75064.47,2,1,0,0,0,0
45,54,64782.99,35879.51,3,0,0,1,1,0
51,12,65409.71,123816.93,2,0,0,0,1,0
55,16,41820.05,72500.02,2,1,0,0,0,0
70,59,68369.98,76398.81,1,1,0,0,1,0
60,71,57319.46,115629.01,2,0,1,0,1,1
50,19,47835.21,94844.35,3,0,0,0,2,1
64,67,44470.51,48731.14,3,0,0,0,0,1
43,66,113435.27,55581.66,3,1,0,0,2,0
70,56,54730.45,89847.94,4,1,0,0,0,0
58,10,30860.29,56276.37,1,0,0,0,2,0
52,21,46035.57,11482.7,2,0,0,1,2,0
65,49,58968.64,73402.78,3,1,1,0,1,0
45,72,70933.34,30593.62,2,1,0,0,0,0
56,59,71095.93,123488.45,4,1,0,1,0,0
33,30,73532.29,80303.63,1,1,1,0,1,0
69,17,47102.79,47844.75,1,1,0,0,2,0
51,70,66808.81,54041.03,2,0,0,1,2,0
59,20,42478.81,18318.07,2,0,0,0,0,0
42,24,47607.14,42016.14,4,1,0,0,0,0
63,70,41645.82,105489.7,2,1,0,0,1,0
21,41,36232.22,141953.58,2,0,1,0,1,0
24,19,81284.19,96791.9,1,0,0,1,2,0
44,0,73772.23,72238.72,2,1,1,1,2,0
56,31,79533.31,62041.22,3,0,0,1,1,0
60,71,60786.26,46305.13,3,1,1,1,1,0
41,31,75536.15,136792.98,3,0,0,1,1,0
52,51,24774.21,69337.54,2,0,0,0,1,0
47,18,77261.75,138468.89,1,1,0,1,2,0
68,56,63542.4,116805.59,1,0,1,1,0,0
52,56,72542.19,22776.11,1,0,1,1,2,0
40,44,67600.47,55021.43,3,0,0,1,2,0
69,56,40258.9,54928.65,4,1,0,0,1,1
23,42,30039.2,72604.61,4,1,0,0,1,1
70,27,45758.92,73190.57,2,0,1,1,1,0
26,53,71298.35,164887.17,1,0,0,0,2,0
33,60,73801.83,42683.16,3,0,1,1,0,0
61,61,32641.15,81869.1,1,0,0,1,1,0
56,15,40378.01,93495.23,3,0,0,0,1,1
69,49,45535.29,74952.84,2,1,1,1,2,0
57,0,52853.9,78305.42,4,0,0,0,0,0
51,41,32758.98,43655.73,3,0,0,0,0,0
36,41,31558.96,78194.59,3,1,0,0,1,1
18,26,43563.29,90341.97,2,0,1,1,1,0
24,72,61725.08,84828.02,4,1,0,0,2,1
33,64,36388.11,92106.03,3,1,0,1,0,0
20,2,57683.93,117378.24,3,1,1,1,0,0
44,15,81171.06,103109.0,2,0,1,0,1,0
59,15,33964.41,77138.84,2,0,0,0,1,0
69,65,55871.08,39847.25,4,0,0,0,0,0
43,37,80495.13,56999.84,2,0,1,1,0,0
64,53,51634.63,68411.07,1,1,0,1,1,0
70,59,48526.61,82570.37,2,1,0,1,0,0
63,56,83269.92,60650.02,2,0,1,0,2,0
42,6,53875.96,46928.0,2,0,1,0,0,0
35,10,82089.9,39354.04,1,1,0,0,2,0
69,28,68579.31,25464.67,1,0,1,0,0,0
30,24,53143.11,67951.48,2,1,1,0,1,0
39,54,69593.81,30910.04,2,1,1,1,2,0
21,11,66408.99,44984.23,1,1,0,1,1,0
60,27,80417.66,63182.94,2,0,1,1,2,0
52,17,49033.09,34922.48,2,1,1,0,0,0
22,13,60824.12,86392.57,1,0,1,0,2,0
29,12,58769.69,97206.69,2,0,1,0,0,0
47,14,74082.96,58517.19,2,0,0,0,1,0
46,41,39496.42,61889.18,1,1,0,0,0,0
60,29,80339.54,91122.89,4,1,0,1,2,0
32,31,69326.58,53580.15,1,0,1,1,0,0
67,34,33661.5,51517.98,3,0,0,1,2,1
41,54,84165.26,110894.95,3,1,0,1,1,0
61,62,104681.86,101525.63,4,1,0,0,1,1
30,38,80036.68,93046.5,3,1,0,0,1,0
19,46,88539.7,102769.34,3,0,1,0,0,0
20,53,61707.43,15681.64,4,0,1,1,0,0
37,50,26769.9,115615.07,4,0,0,1,2,0
68,9,23117.59,86761.86,1,1,1,0,2,0
20,71,65101.64,105323.44,4,0,0,0,2,0
37,12,48160.42,86614.85,2,0,1,0,1,0
23,30,41708.47,76467.74,1,1,1,0,0,0
67,47,58745.07,66740.72,3,1,0,1,1,1
53,29,72311.71,86014.33,4,0,0,1,1,1
58,17,30944.85,65647.56,1,1,1,1,1,1
55,67,51022.45,101036.28,1,1,1,0,1,0
52,5,90197.41,27406.3,4,0,1,0,2,0
59,17,38494.23,58752.72,3,0,0,0,1,1
18,72,77395.22,136344.7,1,0,0,0,0,0
63,53,50305.38,56217.59,4,0,1,1,2,0
57,6,70915.88,67839.49,2,0,1,0,1,0
57,55,81946.55,48522.57,2,0,1,1,1,0
38,70,74825.64,85075.37,2,1,0,0,1,0
60,7,78183.19,52912.05,3,1,0,1,2,0
38,30,36968.13,69431.67,1,1,1,0,2,0
20,34,82273.19,100466.0,2,0,1,0,2,0
66,9,42946.14,54037.1,2,1,1,0,1,0
30,14,65190.84,98658.33,1,1,0,1,0,0
23,12,65164.92,99666.88,4,1,1,1,1,0
50,13,69702.45,106648.68,1,1,1,1,2,0
30,29,66739.13,79216.23,4,0,1,1,2,0
63,33,43123.8,172237.77,1,1,1,1,2,0
41,17,33002.65,106636.01,2,1,1,0,2,0
18,21,77446.97,84746.33,1,1,0,1,1,0
68,14,63716.69,48722.27,2,0,1,0,0,1
45,58,82987.54,72088.23,3,1,1,1,1,0
31,15,59105.34,117789.81,1,1,1,1,0,0
53,66,31896.71,126286.04,3,1,1,1,2,0
46,39,79322.59,119349.87,4,0,0,0,2,0
19,58,52592.59,98555.77,2,0,1,1,1,0
58,46,66840.07,37330.19,1,1,1,1,1,0
39,19,47050.81,89614.85,3,1,1,0,0,0
55,43,92886.03,37757.93,1,0,1,0,0,0
65,20,42468.7,30375.86,1,1,1,1,0,0
50,8,53251.4,82174.76,2,1,0,1,0,0
53,18,62148.97,90695.98,2,0,0,1,0,0
31,20,38156.35,102101.31,1,0,1,0,2,0
30,9,66610.39,89914.09,4,1,1,0,2,0
39,1,92238.21,90947.58,3,1,0,1,1,1
63,68,50190.76,45460.42,4,1,1,0,0,0
45,37,67902.86,71850.7,2,1,0,1,2,0
36,29,15000.0,29786.5,2,0,0,1,1,0
59,67,59221.42,14898.93,4,0,1,1,1,0
63,16,53739.15,97219.28,1,1,0,0,1,0
65,29,43630.05,52406.27,2,1,0,1,1,0
33,61,81629.01,101174.96,4,0,0,1,2,0
55,46,53475.13,108250.43,2,1,0,0,2,0
49,29,56450.45,56420.48,4,0,0,1,1,0
41,18,52456.14,92709.33,2,0,0,1,2,1
39,2,21663.68,55165.3,2,0,0,0,2,0
24,6,37360.27,19623.63,4,0,0,1,0,1
32,11,79221.87,78699.28,1,1,0,0,2,0
47,57,17800.99,60873.78,4,1,1,1,1,0
64,46,44673.69,61797.33,1,0,1,1,0,0
63,31,52005.6,134260.29,2,1,0,0,2,1
27,57,94872.44,29224.29,3,1,0,0,2,0
54,11,75372.08,86486.13,3,1,1,0,1,1
22,15,48856.59,45155.78,4,0,0,1,0,0
53,28,86090.27,102247.84,4,1,0,1,2,0
36,66,45189.68,83952.94,3,0,1,0,2,0
41,44,80182.0,86380.33,3,0,1,1,0,0
56,62,32822.46,46653.31,2,1,0,0,1,0
40,18,81465.16,52032.36,4,0,1,0,0,0
60,61,51877.33,102817.52,3,0,0,1,0,1
46,5,39429.92,128123.93,1,1,0,1,1,0
70,16,55657.13,89409.23,4,1,1,0,0,0
51,38,65546.88,48077.38,2,0,1,1,1,0
33,3,50105.03,85168.16,2,0,1,1,1,0
59,62,71079.07,147824.16,2,0,0,0,1,1
39,63,48340.12,78072.68,4,1,1,1,2,0
46,39,72407.45,118855.23,2,1,1,0,0,0
25,22,68844.44,52790.12,2,1,0,0,2,0
24,7,58781.54,73737.42,1,0,1,1,0,0
48,45,51172.35,93586.96,2,0,0,0,0,0
27,39,63030.82,86919.85,1,0,0,1,1,0
70,55,71005.07,52008.34,3,0,1,1,0,0
63,43,101235.98,50714.48,4,1,1,0,0,0
55,9,78788.41,104648.53,2,0,1,1,1,0
56,8,79519.8,110746.52,4,1,0,0,2,0
49,57,121770.24,120364.31,4,1,1,1,1,0
21,11,70319.17,129117.91,1,0,0,0,2,0
38,68,69692.87,79038.58,3,1,1,1,0,0
44,7,74080.3,65664.02,3,1,0,0,0,0
66,53,39820.68,115529.73,2,0,0,0,1,0
29,71,51121.97,96392.08,4,0,1,0,2,0
44,32,49876.61,45526.34,2,0,0,0,2,0
36,4,72952.28,43990.93,1,0,0,0,0,0
25,63,56516.51,89757.91,3,1,1,1,1,0
23,13,62764.47,69681.76,1,1,0,1,1,0
37,38,81749.09,74207.1,2,0,1,1,2,0
22,71,77263.01,107176.0,3,1,0,0,0,0
21,54,56765.58,97771.11,3,1,0,1,1,0
36,3,46600.1,114896.2,2,0,0,0,2,0
28,59,82705.49,17053.92,2,1,1,0,1,0
47,11,75477.82,82601.94,1,0,0,1,2,1
18,54,27874.86,95840.66,2,0,0,1,1,0
33,45,53736.92,29202.42,3,0,1,0,1,0
42,21,63310.31,55353.13,3,1,1,1,0,0
69,30,75576.59,49785.45,2,1,0,1,2,1
51,8,78202.03,75650.95,1,0,0,0,0,0
64,72,65678.12,123835.62,3,0,0,0,2,0
36,17,71704.95,135677.68,3,0,1,1,2,0
41,22,61282.74,50571.37,1,1,0,0,1,0
40,36,46522.97,90796.72,3,1,0,1,2,0
65,49,54774.71,91763.94,1,0,0,0,2,1
68,36,60379.82,86628.77,2,1,1,0,2,0
69,36,59306.41,86969.39,3,1,0,1,0,0
57,42,22288.54,84112.28,3,1,1,0,0,0
44,62,52050.33,125627.1,3,1,0,0,0,0
46,28,61124.11,108074.0,4,1,0,0,0,0
69,60,54372.6,43195.38,1,1,1,1,2,0
33,57,55063.52,98871.63,4,0,1,1,0,0
36,70,69759.83,101771.2,2,0,1,1,0,0
65,66,38420.86,84449.02,2,1,1,0,2,0
38,58,27439.16,108942.73,4,0,0,1,0,0
30,18,53036.6,80642.22,2,1,1,0,2,0
47,56,75282.29,81014.03,1,1,0,0,2,0
35,53,93751.06,78637.22,3,0,0,0,1,1
65,21,75642.56,14452.68,3,1,1,1,2,0
66,49,30634.72,72588.05,3,0,1,0,2,0
34,18,55352.66,54952.48,1,1,1,1,0,0
46,38,65132.69,39406.56,3,1,1,0,0,1
70,58,63551.82,118020.55,1,0,0,0,1,0
57,13,70786.09,90126.23,3,1,1,1,1,0
29,24,41659.02,74105.07,3,0,0,1,2,0
49,58,61298.86,58055.9,4,0,0,0,0,0
50,33,68406.46,83885.09,4,1,1,0,0,0
52,70,76513.42,104743.08,1,1,1,0,0,0
19,0,43885.64,50191.02,1,0,0,1,0,0
33,52,53096.86,74855.15,3,0,0,0,2,0
63,59,15000.0,101041.99,4,0,0,0,1,1
30,67,47570.76,16919.97,1,0,0,0,2,0
33,11,49511.7,73272.91,2,1,0,0,0,1
35,71,39608.31,62121.26,2,0,0,0,0,0
27,28,63312.24,70985.1,2,1,1,1,2,0
26,25,58881.09,59951.14,3,1,0,1,0,0
36,25,15000.0,79128.74,2,1,1,0,0,0
64,46,64310.16,132708.82,2,0,0,1,1,0
18,48,41433.52,65282.33,4,1,1,0,0,0
33,34,69713.78,83751.33,2,0,0,1,0,0
21,5,34362.98,134842.39,1,0,0,0,1,0
47,72,60600.13,58499.53,4,0,1,0,1,1
31,16,54336.73,129440.26,2,1,0,0,1,0
59,6,66062.04,75159.69,4,1,1,1,1,0
49,43,62493.95,128456.89,4,1,1,1,0,0
59,30,54896.72,97506.03,3,1,0,1,0,0
51,44,29274.55,84213.25,1,1,0,0,1,0
41,63,30455.84,73031.08,4,0,1,0,0,0
63,7,48322.26,56278.76,3,0,0,0,1,1
43,20,59834.4,77273.75,2,1,1,0,0,0
68,37,47835.04,101920.84,4,1,1,0,1,0
70,57,72504.24,74606.66,4,0,1,1,2,0
49,43,54415.58,65501.32,4,1,1,1,1,0
53,27,40699.75,67476.52,1,0,1,0,1,0
31,44,54438.07,104774.3,3,1,0,0,1,0
61,71,64517.2,111754.84,2,1,1,0,1,0
53,35,66497.69,54985.48,1,1,0,1,2,0
65,64,97567.58,54942.36,2,1,1,1,0,0
32,56,46621.81,86380.77,1,1,0,1,0,1
59,21,58530.43,120825.96,1,0,1,0,2,0
42,18,68522.48,109379.71,3,1,1,0,1,0
27,56,59531.54,37444.43,3,1,1,1,0,0
27,15,49987.64,67077.72,2,1,0,0,1,0
47,24,29014.86,47081.89,1,0,0,0,0,0
34,17,49783.31,66974.62,4,0,1,0,1,0
23,44,38525.95,123132.3,3,1,1,0,2,0
40,21,25467.87,32321.98,3,0,1,1,0,0
52,48,44086.42,26434.04,1,1,1,0,2,0
34,68,39058.17,50143.38,1,0,0,1,0,0
68,60,71675.73,83619.32,1,1,1,0,0,0
59,69,72021.84,93622.64,1,1,1,0,2,0
45,1,41922.41,88123.45,4,0,1,1,1,0
67,33,54795.43,110270.56,2,1,0,1,2,0
40,16,22835.15,22107.43,3,1,0,1,2,1
25,67,50113.2,110650.1,4,1,0,1,2,0
19,51,67979.64,65637.14,4,1,0,1,0,0
67,23,76498.76,96944.83,2,1,1,1,0,0
68,41,45739.06,35297.24,2,0,1,1,0,0
57,44,81037.1,75148.7,2,0,1,1,1,0
23,36,29686.16,82088.12,1,0,1,0,1,0
33,34,35047.44,109672.53,4,1,1,0,2,0
20,4,74193.24,27442.36,3,1,1,0,0,0
20,33,93422.42,75922.58,2,1,1,0,0,0
31,25,69868.64,42442.94,3,0,1,0,1,0
48,59,59193.15,90164.88,3,1,0,1,1,0
21,63,16096.33,98316.5,1,1,1,1,2,0
70,54,19551.06,113615.11,3,0,1,0,0,0
42,2,62588.19,58949.12,4,0,1,0,1,1
31,61,52838.75,102816.79,3,0,1,1,2,0
45,28,37883.3,115827.05,3,1,0,0,1,0
59,30,61310.65,25702.59,1,1,1,1,2,0
34,68,62302.63,93370.35,3,0,1,1,1,0
20,63,78888.32,103755.34,4,0,0,0,0,0
20,3,62732.05,67238.21,2,1,0,1,2,0
63,26,84567.89,38676.79,3,0,1,0,1,0
23,54,60159.88,103288.67,3,1,1,0,0,0
51,39,57693.3,39014.74,1,0,1,1,0,0
38,18,81286.24,69649.46,2,0,0,1,0,0
59,38,40431.18,73796.28,4,0,1,1,0,0
21,63,116288.95,96466.14,4,1,1,1,2,0
65,16,67505.15,56201.05,2,0,1,0,1,0
55,54,67616.59,54462.49,2,1,0,1,0,0
41,53,70501.92,77967.46,4,0,0,0,0,0
28,64,97542.73,105191.71,1,0,0,0,0,0
69,21,75850.15,143623.5,2,0,1,1,2,0
34,15,27898.88,29775.56,1,0,1,0,1,0
43,39,88069.41,84460.26,1,0,0,0,0,0
38,38,53182.07,42403.95,3,1,1,0,2,0
30,29,62143.1,105564.34,2,0,1,0,2,0
40,56,34414.92,46843.66,4,1,0,1,0,0
26,58,70524.04,54760.55,4,0,1,1,2,0
18,17,46972.51,57321.87,4,0,1,1,2,0
33,58,62003.39,72714.03,3,1,0,0,0,0
23,16,54318.02,84695.93,3,1,0,1,2,0
39,29,98500.26,89511.04,3,0,0,1,1,0
63,1,99645.21,74826.97,4,0,0,0,1,0
26,24,60930.26,35103.27,1,1,0,1,0,0
18,69,61279.55,96833.58,3,0,0,0,0,1
23,32,52531.14,73411.24,1,0,1,1,2,0
44,51,82120.13,109852.04,2,1,1,1,2,0
32,7,53421.6,53767.84,2,1,0,1,0,0
43,46,51573.25,26931.76,3,0,1,0,0,0
19,27,79571.86,73979.22,4,0,0,1,1,0
35,54,49234.02,113878.58,1,0,1,1,2,0
39,67,59244.9,79828.26,3,0,1,1,2,0
40,38,28373.78,69009.91,1,1,1,1,2,0
47,7,74083.81,48889.59,1,1,0,0,1,0
59,34,98817.34,127732.99,2,0,1,0,0,0
42,8,74424.51,44111.92,3,0,1,0,2,0
62,32,89235.98,53238.17,1,0,1,0,2,0
46,4,43077.96,92101.03,2,0,0,0,1,0
31,46,64726.49,19319.38,4,1,1,0,1,0
30,22,41136.8,113237.72,2,0,0,1,0,0
35,14,55444.69,93725.79,4,1,0,0,1,0
49,1,75444.23,101976.93,4,1,0,0,0,1
30,64,62036.41,91743.51,2,1,0,1,1,0
66,61,31747.18,70166.29,3,0,0,1,0,0
43,59,33699.42,43105.54,3,1,0,0,1,0
63,4,32376.72,70797.74,2,1,1,1,0,0
54,25,69829.05,45742.91,2,0,1,0,2,0
35,70,101277.89,89584.66,2,0,0,0,1,0
30,42,87249.16,99203.39,1,0,1,0,2,0
57,9,22080.3,119304.26,1,1,1,1,0,0
35,10,88421.52,86153.03,2,1,0,0,0,1
31,19,78728.01,102737.26,4,0,0,1,0,0
67,70,29094.0,66085.66,1,0,1,1,1,0
43,12,53935.97,60651.69,1,0,0,0,0,0
20,65,81910.45,89210.16,2,0,1,1,2,0
44,49,71008.67,63405.81,3,1,1,0,2,0
42,67,33818.1,83075.57,1,1,0,1,2,0
63,60,72214.84,43164.23,1,0,0,0,0,0
55,24,17249.99,48551.17,1,1,0,1,1,0
28,60,55543.56,94062.28,2,1,1,0,1,0
25,12,82759.14,101600.7,1,1,0,0,1,0
49,21,60367.88,45430.31,4,1,1,1,1,0
20,15,50021.25,95118.43,4,0,0,1,2,0
34,9,77786.93,59017.93,2,1,1,0,2,0
25,6,79495.04,75495.16,1,0,1,0,0,0
19,13,86200.79,117508.33,1,1,0,0,0,0
66,8,77486.85,99224.62,2,0,1,1,0,0
22,27,81627.5,98876.16,2,0,0,1,1,0
18,5,74658.17,132263.71,3,1,0,0,1,0
67,4,65310.57,53883.62,2,1,1,1,2,0
27,72,61790.18,45423.75,2,0,0,0,0,0
61,6,55254.81,53336.33,2,0,0,1,0,0
19,5,35752.63,67364.97,3,0,0,0,0,1
26,2,40893.77,4363.48,3,1,1,0,0,0
23,9,54359.71,68777.15,1,0,0,1,0,1
55,38,64829.04,58662.88,2,1,0,0,0,0
50,60,88816.25,98512.79,3,1,0,0,2,0
43,53,59164.06,85572.58,3,1,0,0,2,0
30,42,80069.53,56979.1,3,1,1,1,2,0
22,6,81586.31,92698.83,3,1,1,1,1,0
48,56,55371.06,96697.89,3,0,1,0,1,0
30,2,71893.8,51943.63,2,1,0,1,2,0
49,46,55129.44,60209.27,3,0,1,1,0,0
54,29,86442.72,8239.1,2,1,0,0,1,0
63,64,72716.87,42280.2,2,0,0,1,2,0
44,22,36190.32,52725.91,1,1,0,0,1,0
18,46,63230.49,77224.99,2,0,1,0,0,0
32,32,92962.24,46638.52,1,0,0,1,1,0
63,38,56375.38,59596.44,1,1,0,0,2,0
46,68,68954.3,38240.08,2,1,1,0,0,0
50,52,70917.58,80133.42,3,0,0,0,1,1
42,30,39267.54,87771.44,4,0,1,0,0,0
26,32,70214.16,87070.96,1,1,1,1,0,0
65,51,32123.3,75370.83,4,0,0,1,2,0
58,25,47487.52,28767.81,2,1,1,1,1,0
70,12,81514.46,56401.39,3,0,1,1,0,0
63,34,67135.13,62780.8,3,1,0,0,1,0
33,4,53910.44,62901.14,4,1,0,0,0,1
31,12,68929.22,77249.44,1,1,0,0,2,0
31,30,58798.16,117766.24,4,0,0,1,2,0
66,58,60251.57,99362.89,1,0,1,0,0,0
47,57,73136.37,45374.47,4,0,0,1,0,0
42,19,45452.65,95352.09,3,0,1,0,2,0
69,30,60806.73,94209.07,2,0,1,1,2,0
49,11,53754.64,50817.98,2,0,1,1,2,0
66,55,28287.93,100465.98,1,1,0,0,2,0
70,17,41590.88,70188.7,4,1,0,0,2,0
22,58,91364.13,32701.4,3,0,0,0,1,0
37,61,67694.47,88656.08,4,0,0,0,2,0
56,50,33528.23,81508.85,3,1,1,1,2,0
61,24,29192.91,68169.67,4,0,0,1,0,1
25,69,57756.72,73876.41,4,1,1,0,0,0
34,50,91223.73,53427.44,2,0,0,1,1,0
47,47,56264.84,93303.92,3,0,0,1,2,0
60,62,86139.99,73696.48,2,0,1,1,2,0
23,64,67038.62,79993.47,4,0,1,1,0,0
49,5,69425.01,85714.26,3,1,1,0,1,0
33,64,33285.59,40362.43,2,0,1,0,2,0
29,55,78750.46,48171.51,3,1,0,1,0,0
45,15,53301.36,8701.67,2,0,0,0,2,0
39,22,77261.85,91942.27,3,1,1,1,0,1
51,54,43716.6,38633.7,2,0,0,1,0,0
34,15,63540.99,78977.09,2,1,1,1,0,0
61,33,67040.06,86129.65,4,0,1,0,2,0
22,50,56919.33,93070.59,1,0,1,0,2,0
63,47,68090.9,38879.49,4,1,0,1,0,0
19,66,54672.06,73045.15,1,0,0,1,1,0
57,8,47018.8,125108.41,1,1,0,0,0,0
36,21,92109.67,126429.44,1,0,0,1,2,0
38,71,80979.06,104619.69,1,1,1,1,2,0
19,41,44782.71,85124.79,1,1,0,1,2,0
55,18,71368.89,44846.81,4,0,1,1,1,0
26,21,45146.42,96558.65,4,1,0,1,0,0
52,24,36306.31,70259.36,3,0,1,1,0,0
56,40,80676.19,91815.85,1,0,0,1,2,0
62,20,25918.01,56014.7,4,1,1,0,1,0
55,45,78537.12,69812.01,3,1,0,1,0,0
33,32,54945.55,79924.42,3,1,1,0,2,0
57,44,55769.07,82388.34,4,0,0,1,0,0
61,11,68195.02,89811.68,2,0,0,0,2,0
34,45,71623.98,57624.15,2,0,0,0,0,0
24,67,43473.14,34701.47,4,1,0,0,1,0
65,9,74354.51,123743.55,3,1,1,0,0,0
25,23,62267.41,149677.63,3,1,0,1,2,0
49,50,34878.9,88422.62,3,1,1,1,1,0
30,45,56602.51,35280.24,4,0,1,1,1,0
24,49,87625.58,51804.15,2,1,0,1,1,0
59,40,93531.9,90273.53,1,1,0,1,2,0
25,49,74346.97,115233.47,2,1,1,1,0,0
53,44,36193.13,38613.28,3,0,1,0,0,0
54,5,69812.14,71270.02,4,0,0,1,0,0
21,54,77017.22,80877.96,2,0,1,0,2,0
27,32,74514.16,100937.35,3,1,0,1,2,0
60,3,75699.09,64691.97,4,1,0,1,1,1
44,29,67265.26,28085.56,4,1,1,1,0,0
24,31,58551.75,93635.93,4,0,1,1,2,0
70,6,47832.65,108743.88,4,1,0,0,2,0
32,72,22041.29,72522.26,3,0,1,1,2,0
18,16,66792.84,87157.2,2,0,0,1,2,0
66,24,63721.06,60765.26,2,1,1,0,0,0
18,32,71151.52,49626.82,3,1,0,0,2,1
47,60,33249.13,105792.77,1,0,0,1,1,0
70,54,72900.33,86624.88,3,0,1,1,1,0
48,56,101090.9,89711.06,3,1,0,1,0,0
48,17,61569.0,120063.45,3,0,1,1,1,0
38,61,58766.69,43354.73,2,0,1,0,2,0
24,60,66180.05,58439.21,3,1,0,0,1,0
48,33,100646.74,79738.0,1,1,1,1,2,0
65,39,39527.04,58070.6,3,1,0,0,2,0
22,2,64064.14,98494.1,4,1,1,0,0,0
64,55,44006.85,69378.02,4,1,0,0,2,1
39,70,49059.91,45224.02,4,1,1,0,2,0
46,34,59008.19,76973.15,2,1,1,1,1,0
26,39,86946.46,80110.16,1,1,1,0,1,0
50,36,96019.81,103040.46,3,0,0,0,1,0
27,6,68962.84,86794.23,1,1,0,0,2,0
32,45,52468.11,88834.39,2,1,1,0,2,0
56,52,109854.78,84608.75,3,0,1,1,0,0
20,67,51448.91,69353.32,3,0,1,1,0,0
41,67,48577.28,53513.43,3,1,0,0,0,0
49,35,24501.14,83665.15,4,1,0,0,1,1
24,70,87921.83,65006.26,1,1,1,1,2,0
33,38,79364.91,125694.68,4,0,1,1,1,0
36,46,108356.11,115265.47,3,1,0,1,0,1
53,43,32209.53,93985.17,2,1,0,1,2,0
69,72,89163.42,86354.01,2,1,0,1,1,0
62,53,61402.71,72361.23,3,1,0,0,1,0
28,8,76122.0,37166.29,3,0,1,0,2,0
18,5,27044.46,68514.83,2,1,0,0,0,0
20,29,89361.64,78042.0,1,0,1,0,1,0
49,37,75730.34,81883.69,1,0,0,1,0,0
26,48,59221.8,89086.09,2,0,0,1,1,0
30,35,72902.25,102639.91,2,0,1,1,1,0
62,37,44690.09,54235.38,3,1,1,1,1,0
64,67,48411.2,54507.73,4,0,1,0,2,0
62,24,50731.11,118525.7,1,0,1,0,0,0
31,36,22945.44,98129.45,2,0,0,1,2,0
50,40,77235.17,63276.87,1,0,1,0,2,0
50,34,83831.87,71783.66,4,1,0,1,1,0
27,70,45973.12,71918.58,3,1,1,1,0,0
47,70,66964.06,75947.22,1,0,1,0,0,0
45,37,54689.19,89180.49,2,0,1,1,1,0
38,32,66565.48,151049.78,3,1,0,1,2,0
57,42,47448.46,80692.7,4,1,0,0,1,1
53,13,42331.5,94877.94,3,0,0,0,2,1
46,31,81041.5,24405.7,2,1,1,0,0,0
56,15,58722.59,60453.0,3,0,1,0,1,0
58,10,100442.18,111864.45,3,0,1,0,2,0
48,6,60926.2,87069.46,3,1,1,1,1,0
32,42,41478.44,0.0,1,0,0,0,2,0
58,0,84538.82,95220.7,3,0,1,0,0,0
56,47,72616.0,132544.93,1,0,1,0,2,0
70,31,74537.46,15122.77,4,0,0,0,2,0
25,26,83812.01,120581.63,4,1,1,0,1,1
40,56,46944.07,0.0,3,0,0,0,1,0
66,39,57454.93,103139.97,3,0,1,1,2,1
45,53,56571.0,74740.54,1,0,0,1,1,0
67,51,34185.07,4500.86,4,0,0,0,0,0
18,2,54728.2,88384.13,2,1,1,1,2,0
19,15,86727.59,109525.19,2,1,1,1,0,0
60,41,64746.76,85916.61,3,0,0,1,1,0
36,71,33078.77,92544.83,4,1,0,1,0,0
45,11,28883.21,62649.72,2,0,0,0,2,0
40,7,93295.52,19158.31,3,0,0,1,2,0
39,68,58193.62,95755.92,3,1,0,1,1,0
67,70,47051.8,127492.62,2,0,0,0,1,0
22,12,54520.16,108887.43,3,1,1,1,1,0
58,29,30453.84,15363.73,4,1,1,0,1,0
65,45,88461.9,29553.17,2,1,1,0,2,0
52,14,52138.94,49620.97,4,0,0,0,0,1
38,23,87348.03,27210.74,4,0,1,0,2,0
26,28,61033.03,76325.7,4,1,1,1,1,1
54,46,88590.64,86802.47,3,1,0,1,2,0
42,22,65133.89,32092.4,4,0,1,1,1,0
25,30,77064.65,98313.85,3,0,1,0,2,0
37,21,74381.86,93033.12,4,1,0,0,1,1
68,55,72465.82,58555.23,3,0,0,1,1,0
32,11,66958.69,69824.34,4,0,0,0,0,0
27,16,55342.99,16505.96,4,1,0,1,0,0
54,18,98308.69,65032.14,4,1,0,1,0,0
28,66,41861.26,75221.55,3,1,0,0,1,1
66,68,60086.15,80062.43,3,1,0,1,2,1
63,36,60297.72,86366.31,4,1,1,1,2,0
70,11,68048.82,82327.25,2,0,0,0,2,1
66,55,51410.55,67069.69,1,1,0,1,1,0
30,35,66294.93,83585.85,4,0,0,1,1,0
29,62,56623.15,105060.96,3,0,1,0,2,0
36,26,28360.95,72135.06,2,1,1,0,0,0
42,72,60191.05,84527.85,3,1,0,1,2,0
64,58,37988.69,69414.87,1,1,1,1,2,0
56,16,25312.28,55597.23,2,1,0,0,2,1
52,52,62737.47,90686.39,2,0,0,0,0,0
64,20,69757.67,58343.22,2,0,1,1,2,0
52,25,70533.96,86584.41,4,0,1,0,1,0
38,18,71343.41,75847.66,3,0,1,0,1,0
39,49,21348.22,65881.96,1,0,1,0,0,0
45,19,32779.66,65155.72,2,0,0,0,1,0
22,46,99470.43,59756.37,1,0,1,0,1,0
57,42,39055.82,25625.96,4,1,1,0,2,0
52,54,72216.82,86486.85,2,1,0,0,1,0
56,72,46261.25,81946.4,2,0,0,0,0,1
46,0,61593.45,100490.11,2,0,1,1,2,0
59,72,47334.92,59056.29,1,0,0,0,0,0
68,7,71230.82,131861.51,4,0,0,1,2,0
48,38,62735.48,63607.92,3,1,1,0,2,0
41,24,51034.2,48746.71,2,1,0,0,0,0
23,46,38996.56,45189.45,2,1,1,1,2,0
59,52,65355.48,22982.33,3,0,1,1,2,0
65,62,35745.62,120978.84,1,0,0,0,1,0
55,29,68549.62,116132.02,4,0,0,1,2,0
63,68,112529.7,93022.35,3,1,0,0,0,1
63,23,87003.4,48117.34,1,1,1,0,1,0
60,14,74366.96,129338.03,3,1,1,0,1,0
44,27,58287.85,64448.43,4,1,0,1,1,1
23,38,21224.95,66929.23,1,1,0,1,2,0
18,48,33554.27,118117.77,3,1,1,1,2,0
28,60,85655.86,94767.32,3,0,1,0,1,0
40,16,44204.88,141033.09,4,0,1,0,1,0
57,22,46014.96,82461.67,3,0,1,1,1,0
42,68,56686.99,63089.08,3,0,0,1,0,0
19,32,38759.07,56645.85,4,1,1,1,1,0
29,17,35464.63,19590.11,4,0,1,1,0,0
69,71,58990.52,66642.13,2,0,0,0,2,0
70,32,42169.41,109337.8,3,0,1,1,2,0
37,71,45179.63,92965.03,1,1,1,1,2,0
60,67,44376.18,75609.24,4,1,1,1,2,0
56,66,70447.2,45151.97,4,0,0,0,1,1
67,42,55357.49,81806.19,2,0,0,1,1,0
65,58,56428.56,105384.41,3,1,0,1,1,0
51,70,71938.92,87921.58,4,1,1,1,1,0
38,19,57159.21,80002.06,1,1,0,0,0,0
51,2,54434.92,51091.27,3,1,0,1,2,0
34,23,69409.01,101015.45,4,1,0,1,1,0
36,46,73363.96,0.0,4,1,0,0,2,0
50,39,57058.53,86485.37,1,1,1,1,0,0
48,5,61612.16,152109.66,4,0,1,0,1,1
48,40,44364.2,29748.8,4,1,1,0,1,0
38,12,42786.34,67758.92,1,0,0,1,2,0
39,36,75382.95,74762.67,3,0,1,0,1,0
18,42,68898.84,61122.52,3,1,1,0,0,0
49,46,69105.97,106091.23,4,0,1,0,1,0
48,30,65617.09,89173.53,1,0,1,1,2,0
67,29,60924.07,79569.01,4,1,1,0,0,0
44,49,73928.24,98918.18,3,0,0,0,1,0
42,54,78702.18,75502.52,2,1,1,1,0,0
21,58,78224.56,170395.93,2,0,1,0,2,0
28,24,57984.44,79540.41,4,1,1,1,0,0
35,30,87739.85,80858.46,4,1,0,1,1,1
37,24,64569.21,23685.96,2,1,1,1,2,0
37,38,72647.52,58696.49,4,1,1,1,2,0
38,9,65641.76,109421.33,3,0,1,1,0,1
58,31,64940.13,34936.29,1,1,1,1,0,0
24,13,45284.96,10273.28,3,1,0,1,0,0
35,38,74027.02,75969.46,4,1,1,1,1,0
26,62,116905.89,116122.34,1,1,1,1,2,0
34,71,52504.1,76271.44,1,1,0,1,0,0
54,32,61419.89,64916.26,1,1,0,0,0,0
20,4,51075.89,19245.36,3,0,0,1,1,0
35,16,50239.6,88567.62,1,1,0,0,2,0
19,7,90888.99,94838.25,4,0,0,0,1,0
68,55,46540.58,21548.03,1,1,1,0,1,0
56,71,50518.39,109035.97,1,1,1,0,2,0
30,40,28250.14,97970.87,2,1,0,0,2,0
28,12,44847.77,108969.48,4,0,1,1,1,0
23,1,25832.0,92505.75,4,0,0,0,1,0
43,71,72636.09,94610.48,2,0,1,0,1,0
57,23,115993.94,90621.63,3,1,0,0,0,0
48,8,52666.42,101054.17,4,1,0,0,1,0
64,12,26664.84,20437.27,4,0,0,0,2,0
36,18,77999.99,29968.22,1,0,1,1,0,0
32,47,45461.5,52919.76,4,0,1,0,2,0
43,65,85986.94,71105.39,4,0,0,0,1,1
28,20,54359.42,86644.11,3,0,1,0,1,0
69,50,47363.69,84740.45,3,0,0,1,0,0
27,4,56440.85,108513.17,2,0,0,0,2,0
43,0,75155.54,109454.86,4,0,0,0,0,0
45,4,55451.59,48828.45,4,0,1,0,1,0
21,67,50065.51,82157.28,3,1,1,0,0,0
42,42,56023.37,49565.05,3,1,1,0,2,0
42,58,34562.9,69352.59,2,1,1,0,0,0
31,1,67940.63,84653.74,3,1,1,1,2,0
24,1,24265.47,0.0,1,0,0,0,1,0
20,61,51117.57,147337.32,4,1,0,1,0,0
18,7,75187.7,91992.26,3,1,0,1,2,0
43,11,66060.97,57128.9,3,0,0,0,2,0
22,37,71806.41,132821.09,1,0,0,0,0,0
68,44,58699.09,64577.06,3,0,0,0,2,0
30,16,83394.92,78975.58,1,1,1,1,2,0
52,32,78493.98,60386.53,4,1,0,0,2,0
53,49,68922.82,124559.76,3,0,1,0,1,0
44,32,78550.92,71850.46,2,1,1,0,0,0
64,27,75008.47,79484.52,4,0,1,0,1,0
23,5,51210.73,111113.46,4,1,0,0,2,1
30,32,33122.02,92554.18,1,0,1,0,1,0
31,58,68407.24,73369.56,1,1,1,1,1,0
25,45,70921.78,108311.73,2,0,1,0,2,0
33,65,81809.44,151154.5,1,1,1,0,1,0
34,9,41273.57,84522.31,3,0,1,1,0,0
58,0,41871.38,78502.8,3,1,0,0,2,0
33,40,69198.01,80118.81,3,0,1,0,1,0
64,13,58576.66,114312.89,1,1,0,1,1,0
58,43,22284.77,57024.07,4,1,1,0,1,0
65,65,67502.16,66650.47,4,1,1,1,2,0
23,24,22951.54,28876.71,3,0,0,0,2,1
70,40,41094.87,39483.96,1,1,1,0,2,0
50,49,87033.63,59466.0,2,0,0,0,2,1
70,10,96497.58,73321.89,3,0,0,0,0,1
36,65,35686.87,128072.5,3,0,0,0,2,0
68,14,53412.17,91079.78,1,0,1,1,2,0
49,59,60852.45,47637.64,4,1,0,1,0,0
21,48,95624.54,53160.59,4,0,1,0,1,0
39,10,50142.62,116242.46,3,1,0,1,2,0
25,52,50462.32,108798.31,2,1,1,1,1,0
67,14,90974.51,75844.5,3,0,0,1,2,0
34,43,52504.22,61724.21,1,1,0,1,1,0
29,70,74444.03,108747.99,3,0,1,0,0,0
47,69,30457.14,45200.19,1,0,1,0,0,0
40,63,56575.35,86760.91,1,1,1,1,2,0
23,36,26808.06,143179.77,3,1,1,1,2,0
61,40,38891.32,81160.67,3,1,1,1,1,0
62,21,76784.03,51731.72,4,0,0,0,1,0
57,67,59001.89,87311.06,3,1,0,1,1,0
50,34,53617.89,60899.74,4,0,1,0,2,0
39,56,45025.01,33176.52,4,0,1,1,2,0
46,26,55586.88,96031.08,2,1,1,0,2,0
45,54,66022.26,108535.03,4,0,0,0,2,0
26,16,79658.32,65672.8,2,0,0,1,2,0
22,53,15000.0,63682.93,3,0,1,1,1,0
31,3,43364.78,46153.04,1,0,1,0,0,0
42,7,63181.92,70501.93,1,1,0,0,1,1
26,25,58022.74,58128.95,3,0,1,0,2,0
23,35,68067.52,44669.02,2,1,0,0,1,0
63,51,65350.81,131765.06,3,0,1,1,0,0
37,26,53902.64,88994.78,1,1,0,0,2,0
48,1,49462.94,92171.85,2,1,1,0,2,0
45,23,55089.97,101501.99,3,0,1,1,1,0
56,32,82974.85,98131.09,3,1,0,1,1,0
57,39,45359.84,62606.7,4,1,1,0,0,0
33,47,58743.87,83176.58,4,1,0,1,2,0
62,18,63666.84,66929.09,4,0,0,1,0,0
37,44,91207.02,88153.91,1,1,0,1,1,0
62,46,53993.83,85250.73,3,1,1,0,1,0
39,56,79176.13,63520.19,1,0,1,1,0,0
23,38,84639.59,35121.04,2,0,0,1,1,0
58,59,58724.91,79387.11,1,1,0,1,2,0
19,16,55785.62,68871.92,2,1,0,1,2,0
58,51,53418.93,18288.83,1,0,1,0,1,1
20,3,54883.54,90229.85,3,0,0,1,0,0
28,7,77084.8,103960.26,1,0,0,1,2,0
49,63,64620.2,150850.69,3,1,0,1,0,0
67,34,64705.79,63264.07,3,1,0,1,2,0
39,45,37495.53,58838.64,1,1,1,0,1,0
24,44,40650.2,41717.37,1,0,1,1,1,0
30,50,102868.94,81259.26,4,0,0,1,1,1
65,17,56443.49,81069.55,3,0,1,1,1,0
56,13,44504.56,50661.11,2,1,1,1,0,0
23,3,88621.98,69752.1,4,0,0,1,1,1
38,63,65636.17,15640.03,1,0,0,0,1,0
32,16,71563.1,102791.3,4,1,0,1,2,0
27,41,57239.06,51879.62,1,1,1,1,1,0
62,33,53626.54,73960.31,3,0,0,0,2,0
50,11,56608.27,32199.2,1,0,0,0,0,0
27,30,32345.24,57529.39,1,0,0,0,0,0
52,6,58241.45,66612.27,2,1,1,0,0,0
39,12,65920.66,74661.27,1,1,0,1,2,0
21,10,97009.26,89391.98,2,1,1,0,0,0
41,60,61719.98,118172.25,1,0,1,1,0,0
27,41,15000.0,96981.33,1,0,0,0,2,0
30,67,58120.29,103864.94,4,1,0,0,1,0
64,31,114790.08,118383.12,4,1,0,1,1,0
55,14,77327.32,92091.24,4,0,0,0,2,0
25,44,43782.22,73898.78,1,1,0,1,2,0
63,67,71822.13,105273.36,2,1,0,1,2,0
48,38,45159.73,107190.28,2,0,0,0,1,0
64,1,32923.85,94456.98,2,1,0,0,1,0
57,22,53032.61,31361.17,2,0,0,1,0,0
35,67,61830.53,49756.2,3,1,1,1,1,0
46,37,22556.89,66754.38,2,0,1,0,2,0
46,69,37016.81,98388.63,2,1,0,1,0,0
56,37,60206.71,74359.61,4,1,0,0,2,0
31,0,51836.54,109106.06,4,0,0,0,0,0
35,63,67896.23,114457.1,2,0,0,1,0,0
30,55,35706.63,110975.11,1,1,1,0,1,0
33,52,74282.27,111166.22,3,1,0,0,0,0
26,70,36324.82,43890.18,2,1,1,1,2,0
19,14,92854.69,89479.06,4,1,1,1,1,0
67,66,25684.83,56774.13,2,1,1,0,1,0
21,16,38148.91,25528.01,1,1,0,1,1,0
65,70,68347.42,66375.87,1,1,1,1,0,0
18,13,93284.67,114742.11,1,0,0,0,2,0
59,40,66300.86,88822.26,2,1,1,0,2,0
35,57,71257.16,135534.28,2,0,1,1,0,0
45,5,60350.74,80316.9,4,1,1,0,0,0
32,4,39472.03,148434.08,4,0,0,1,0,0
44,62,50197.23,80325.64,1,0,1,0,0,0
41,4,35761.81,75674.41,4,1,0,1,1,0
46,44,34425.8,36618.3,3,1,0,1,2,0
38,68,68034.98,108316.88,2,1,0,0,1,0
46,44,37536.44,59936.25,2,1,1,1,0,0
61,35,66391.08,55588.57,2,0,1,1,0,0
41,30,33963.54,113436.92,1,1,1,1,1,0
37,46,65927.66,109746.68,4,0,1,0,0,0
24,41,50226.35,108961.54,1,0,1,0,1,0
37,36,88132.31,64134.27,1,0,0,1,0,0
24,11,66474.38,73470.72,2,1,0,1,0,0
27,48,84715.66,73204.37,1,1,0,0,1,0
68,54,44887.07,98475.55,1,1,1,0,0,0
22,51,61122.87,121606.94,2,0,0,0,1,0
43,5,40378.26,86044.4,2,1,0,1,0,1
62,51,51727.9,134246.73,1,0,0,1,0,0
68,53,54757.92,101915.83,4,0,1,1,1,1
25,13,45482.84,67956.02,4,0,0,0,0,1
26,61,35689.94,99861.34,3,0,0,0,2,1
37,38,31729.65,126178.21,3,0,0,0,2,0
47,34,15000.0,134948.67,4,0,1,1,1,0
68,52,38873.07,110606.74,2,1,1,0,0,0
29,37,72549.88,75770.23,2,0,1,0,1,0
26,39,28030.03,68499.2,1,0,0,0,1,0
31,22,32637.54,92282.09,3,1,0,0,1,0
64,67,95817.97,125219.23,1,0,1,1,2,0
19,70,47270.08,88013.07,3,0,0,1,2,0
38,9,66420.92,88635.96,4,0,0,1,1,0
24,53,72846.34,76541.94,1,1,0,1,0,0
26,1,73250.52,65163.27,3,1,1,0,0,0
66,26,29553.72,70135.96,2,0,1,0,2,0
18,70,55378.81,79062.78,2,0,0,0,1,0
35,12,27635.45,126543.0,3,0,1,1,0,0
66,27,108926.36,67808.59,1,1,0,1,1,1
50,16,28102.49,76578.36,4,1,1,0,2,0
21,53,39043.2,49038.67,2,0,1,1,1,0
42,33,39187.98,96498.93,2,0,0,1,0,0
69,43,30066.79,116000.38,4,1,0,0,2,0
39,68,87051.88,123734.94,1,0,1,1,0,0
46,38,108448.96,81100.94,2,1,0,1,2,0
46,53,50485.02,92230.63,4,0,1,0,1,1
53,7,33591.54,70393.49,2,1,1,0,0,0
27,15,15261.49,90840.56,1,1,0,1,0,0
62,69,55117.83,84418.95,2,1,1,1,2,0
70,62,53672.69,76747.93,4,1,0,1,2,0
25,47,46974.08,79132.61,4,1,1,0,0,0
61,27,64427.51,88557.67,4,0,0,1,1,0
61,14,67903.46,66175.43,2,1,1,1,2,0
57,62,66461.67,67725.1,4,1,0,0,2,0
37,57,53677.5,126220.86,2,0,1,1,2,1
42,17,37967.56,156316.4,4,0,0,0,0,0
62,43,73316.66,38868.99,4,1,1,0,1,0
26,45,60250.28,37215.86,1,1,0,1,2,0
61,34,77767.15,46285.42,4,1,1,0,0,0
66,67,75801.51,71901.35,3,0,0,1,0,0
54,9,31564.76,101873.42,3,1,0,1,2,1
36,18,31315.56,92737.59,4,1,0,1,2,0
47,6,44889.19,80160.93,1,1,1,1,0,0
20,50,38874.69,90868.07,3,1,0,1,2,1
67,47,75105.04,54237.42,1,0,1,1,1,0
36,72,67026.19,67676.32,2,0,1,1,1,0
21,39,81983.68,74397.16,1,1,0,1,1,0
60,10,67929.74,27473.51,1,0,1,0,2,0
52,32,64172.99,40160.69,4,0,1,0,1,0
51,6,83994.6,41353.02,2,0,0,0,1,0
20,48,69394.55,97923.25,2,0,1,1,2,0
57,49,61362.02,82360.65,2,0,1,1,1,0
51,62,89609.06,93331.84,3,1,0,1,2,0
60,24,62303.62,19810.35,3,0,1,0,0,0
61,22,53913.19,30493.0,3,0,0,0,2,0
29,5,43243.53,94896.46,4,0,0,0,2,0
29,30,74060.51,0.0,2,1,1,1,2,0
66,34,84741.01,111738.88,4,1,0,1,1,0
46,55,58988.25,20300.49,4,0,0,0,1,0
41,55,86158.31,100300.35,3,0,0,1,0,0
33,10,20599.7,48342.46,1,0,1,0,2,0
51,20,58890.93,106467.11,2,1,1,1,2,0
57,37,59198.1,171244.83,3,0,1,1,0,0
18,24,45460.11,6804.67,2,0,0,0,0,0
47,1,107677.22,95861.31,2,1,0,1,2,0
70,61,58676.15,20755.12,2,1,0,1,2,1
32,53,51845.38,87803.07,1,0,0,1,1,0
32,37,60519.24,68796.84,1,0,1,0,0,0
